identifier,Crack,Contact,Corrosion,Interconnect
20170505_032228_SHELL_M55_6330431490,0.0,0.0436622,0.0037688,0.006640399999999999
20170505_032848_SHELL_M55_6320427401,0.0101528,0.0680699,0.0003589,0.0183571
20170505_033514_SHELL_M55_6330431474,0.0004823,0.0720124,0.0011423,0.0109655
20170505_042900_SHELL_M55_6330431490,0.3668855,0.0601479,0.0,0.0373552
20170505_084506_SHELL_M55_6320427401,0.0310282,0.0506345,7.77e-05,0.0173789
20170505_114135_SHELL_M55_6320427304,0.024070499999999998,0.006087199999999999,0.0350323,0.0061881
20170505_114208_SHELL_M55_6320427304,0.0173896,0.0128914,0.022616499999999998,0.3361308
20170505_114927_SHELL_M55_6320427434,0.0,0.0677226,0.0012945,0.0520356
20170505_150638_SHELL_M55_6320427304,0.2078384,0.0350288,0.005685900000000001,0.013224699999999999
20170505_152441_SHELL_M55_6320427321,0.0,0.1834613,0.0107436,0.0066154
20170505_152635_SHELL_M55_6320427321,0.0073104,0.1308509,0.025256400000000002,0.0064473
20170505_153710_SHELL_M55_6320427254,0.0,0.1006377,0.0038009,0.010892599999999999
20170505_154628_SHELL_M55_6320427398,0.0,0.1257908,0.0047193,0.0207909
20170505_154726_SHELL_M55_6320427398,0.0,0.1074487,0.0007908,0.0136479
20170505_155623_SHELL_M55_6330431033,0.0,0.0160168,0.0081987,0.0107373
20170505_160459_SHELL_M55_6320427744,0.0,0.1159231,0.0114872,0.0093844
20170505_161155_SHELL_M55_6330432606,0.0,0.027732999999999997,0.006506,0.0146193
20170505_161912_SHELL_M55_6330431478,0.0,0.0215052,0.0031633,0.0230612
20170505_162605_SHELL_M55_6320427276,0.0,0.0638908,0.0014613,0.0066404
20170505_163211_SHELL_M55_6330431102,0.0005051,0.2321894,0.06866699999999999,0.0082581
20170505_163807_SHELL_M55_6320427328,0.046037100000000004,0.155551,0.0154545,0.034578
20170505_164415_SHELL_M55_6320427323,0.0,0.1036142,0.0158898,0.0069041
20170505_165014_SHELL_M55_6330431023,0.1076985,0.1377806,0.0349818,0.0145232
20170505_165749_SHELL_M55_6320427428,0.07949990000000001,0.076668,0.0500318,0.025589999999999998
20180410_173805_SHELL_M55_6330431474,0.0003035,1.8333295,0.0,0.0298134
20180410_174325_SHELL_M55_6330431474,0.0,0.0,0.0052685,0.0
20180410_174845_SHELL_M55_6330431474,0.0003035,1.8601783,0.0,0.0143581
20180410_175404_SHELL_M55_6330431474,0.0,0.0,0.0275334,0.0
20180410_175924_SHELL_M55_6330431474,9.34e-05,1.7686131,0.0,0.0076109
20180410_180444_SHELL_M55_6330431474,0.0,0.0036592,9.21e-05,0.0
20180410_181004_SHELL_M55_6330431474,0.0045526,1.5859734,0.0,0.0010039
20180410_181523_SHELL_M55_6330431474,0.001133,0.0,0.0,0.0
20180410_182043_SHELL_M55_6330431474,0.0167394,1.5202528,0.0,0.0011907
20180410_182603_SHELL_M55_6330431474,0.0008093,0.0183592,0.0,0.0
20180410_183123_SHELL_M55_6330431474,0.016365900000000003,1.3988745,0.0,0.0026382
20180410_183643_SHELL_M55_6330431474,0.0,0.1025479,0.0,0.0
20180410_184203_SHELL_M55_6330431474,0.0194943,1.2527492,0.0,0.0033852
20180410_184722_SHELL_M55_6330431474,0.0023004,0.3029326,0.0,0.0
20180410_185242_SHELL_M55_6330431474,0.0204282,1.0675181,0.0,0.0029884
20180410_185802_SHELL_M55_6330431474,0.0014639,0.44172259999999997,0.0,0.0
20180410_190322_SHELL_M55_6330431474,0.0224826,0.8869799,0.0,0.0039456
20180410_190842_SHELL_M55_6330431474,0.0023113,0.6446898,0.0,0.000607
20180410_191402_SHELL_M55_6330431474,0.0063503,0.7865664,0.0,2.33e-05
20180410_191922_SHELL_M55_6330431474,0.0,0.0,0.0021432,0.0
20180410_194954_SHELL_M55_6330427254,0.0187285,1.4617296,0.0,0.015312800000000001
20180410_195514_SHELL_M55_6330427254,0.0,0.0008358,0.0901101,0.0
20180410_200034_SHELL_M55_6330427254,0.1789665,1.5451016,0.0,0.0088531
20180410_200553_SHELL_M55_6330427254,0.0,0.0,0.12720140000000002,0.0
20180410_201113_SHELL_M55_6330427254,0.2327586,1.5372478,0.0,0.0106655
20180410_201633_SHELL_M55_6330427254,0.0,0.0,0.0770985,0.0
20180412_113732_SHELL_M55_6330427474,0.0173231,1.4114584,0.0,0.0432376
20180412_114253_SHELL_M55_6330427474,0.0,0.0,0.0,0.0
20180412_114813_SHELL_M55_6330427474,0.0378914,1.4954592,0.0,0.049751500000000004
20180412_115332_SHELL_M55_6330427474,0.0,0.0,0.0059785,0.0
20180412_115853_SHELL_M55_6330427474,0.0220391,1.5774051,0.0,0.058412900000000004
20180412_120412_SHELL_M55_6330427474,0.0,0.0157415,0.0002532,0.0
20180412_120932_SHELL_M55_6330427474,0.0267317,1.5422454,0.0,0.0641562
20180412_121452_SHELL_M55_6330427474,0.0024625000000000003,0.067868,0.0,0.0013578
20180412_122012_SHELL_M55_6330427474,0.0296033,1.4196996,0.0,0.0936194
20180412_122532_SHELL_M55_6330427474,0.0075053,0.0810252,0.0,0.0340413
20180412_123052_SHELL_M55_6330427474,0.0306306,1.3601197,0.0,0.08484109999999999
20180412_123612_SHELL_M55_6330427474,0.0326703,0.1256158,0.0,0.0228878
20180412_124132_SHELL_M55_6330427474,0.0314944,1.2430368,0.0,0.0761562
20180412_124651_SHELL_M55_6330427474,0.0317176,0.2856912,0.0,0.0776094
20180412_125211_SHELL_M55_6330427474,0.0340858,1.1711532,0.0,0.0668877
20180412_125731_SHELL_M55_6330427474,0.0298123,0.439307,0.0,0.0586718
20180412_130251_SHELL_M55_6330427474,0.0326703,1.0074591,0.0,0.0706385
20180412_130811_SHELL_M55_6330427474,0.0324612,0.575379,0.0,0.0550005
20180412_131331_SHELL_M55_6330427474,0.034575699999999994,0.8125757,0.0,0.0557905
20180412_131851_SHELL_M55_6330427474,0.0353425,0.7272515,0.0,0.0608328
20180424_151125_SHELL_M55_6320427304,0.354441,0.6115067,0.0046861,0.13363930000000002
20180424_151646_SHELL_M55_6320427304,0.0,0.0,0.2998132,0.0
20180424_152206_SHELL_M55_6320427304,0.3378112,0.6276074,0.0031722,0.198885
20180424_152726_SHELL_M55_6320427304,0.0,0.0,0.1579316,0.0
20180424_153246_SHELL_M55_6320427304,0.3387484,0.6075891999999999,0.0004326,0.2733828
20180424_153805_SHELL_M55_6320427304,0.1198774,0.0339652,0.0,0.0002788
20180424_154325_SHELL_M55_6320427304,0.3101028,0.5769007,0.0,0.3424734
20180424_154845_SHELL_M55_6320427304,0.1299086,0.062022,0.0,0.0434904
20180424_155405_SHELL_M55_6320427304,0.30598990000000004,0.5095312,0.0,0.39208980000000004
20180424_155925_SHELL_M55_6320427304,0.3424234,0.0268696,0.0082966,0.1219508
20180424_160444_SHELL_M55_6320427304,0.2997073,0.4772615,0.0,0.368768
20180424_161004_SHELL_M55_6320427304,0.5056214,0.0772146,0.0022156,0.1364226
20180424_161524_SHELL_M55_6320427304,0.30308650000000004,0.4198138,0.0,0.359154
20180424_162044_SHELL_M55_6320427304,0.250218,0.088953,0.0006128,0.1141491
20180424_162604_SHELL_M55_6320427304,0.3050141,0.3505866,0.0004522,0.2915923
20180424_163123_SHELL_M55_6320427304,0.270486,0.1387837,0.0022736,0.11296899999999999
20180424_163643_SHELL_M55_6320427304,0.29435279999999997,0.32567029999999997,0.0,0.2336691
20180424_164203_SHELL_M55_6320427304,0.2698228,0.1857,9.47e-05,0.1209264
20180424_164723_SHELL_M55_6320427304,0.2989769,0.2569628,0.0,0.1876895
20180424_165242_SHELL_M55_6320427304,0.2898352,0.2169382,0.0,0.14847010000000002
20180511_144837_SHELL_M55_6330431474,0.0033249,0.055812400000000005,0.0007615,0.0060153
20180511_145530_SHELL_M55_6320427254,0.0122039,0.1249102,0.0181776,0.0171778
20180511_150129_SHELL_M55_6320427321,0.0,0.0908095,0.040813300000000004,0.009029800000000001
20180511_151019_SHELL_M55_6320427434,0.000203,0.0999241,0.033172600000000003,0.012842699999999999
20180511_151939_SHELL_M55_6320427304,0.2297713,0.0456876,0.0256384,0.0079991
20180511_152617_SHELL_M55_6330431026,0.0151523,0.169957,0.0817352,0.0024357
20180511_153148_SHELL_M55_6320427328,0.025741,0.1041689,0.0065891,0.011844799999999999
20180511_153730_SHELL_M55_6330431023,0.106143,0.12691,0.0136397,0.0104093
20180511_154347_SHELL_M55_6330431019,0.0,0.07576139999999999,0.0023075,0.0116653
20211130_144654_SHELL_M55_6330430956,0.3862656,0.016745,0.0777189,0.4568747
20211130_144824_SHELL_M55_6330430956,0.0351084,0.0003432,0.051215899999999995,0.1392567
20211130_145011_SHELL_M55_6330430956,0.0021019,0.0,0.100744,0.0057983
20211130_145141_SHELL_M55_6330430956,0.0,0.0021958999999999998,0.0510662,0.0044162
20211130_145311_SHELL_M55_6330430956,0.0,0.003855,0.0913726,0.0312057
20211130_154058_SHELL_M55_6330430956,0.0,0.0,0.0203088,0.0
20211130_154319_SHELL_M55_6330430956,0.0,0.0002862,0.0,0.0
20211130_154440_SHELL_M55_6330430956,0.0,0.5306174,0.025219600000000002,0.0005388
20211130_154602_SHELL_M55_6330430956,0.9607516,1.3068922,0.008191,0.009197
20211130_154723_SHELL_M55_6330430956,0.5419914,2.1389968,0.0,0.0083694
20220127_135826_SHELL_M55_6330431475,0.0009343999999999999,0.000202,0.0261132,1.1897113
20220127_135952_SHELL_M55_6330431475,0.0003031,0.0001515,0.0033841,0.1452636
20220127_140118_SHELL_M55_6330431475,0.0,0.0006091,0.0085534,0.0023096
20220127_140244_SHELL_M55_6330431475,0.0,0.0036222,0.0051271,0.0046934
20220127_140409_SHELL_M55_6330431475,0.0,0.0011422,0.0022842,0.0280201
20220127_141045_SHELL_M55_6330431029,0.0019445999999999999,0.0,0.019421,1.6297193
20220127_141211_SHELL_M55_6330431029,0.021339900000000002,0.0010607,0.00942,0.0350531
20220127_141337_SHELL_M55_6330431029,0.0,0.0,0.027208100000000002,0.0
20220127_141503_SHELL_M55_6330431029,0.0,0.0005612,0.0,0.0177282
20220127_141629_SHELL_M55_6330431029,0.0,0.0097442,0.0005102,0.0311966
20220127_142935_SHELL_M55_6330431029,7.7220813,0.0,0.0,0.0
20220127_143008_SHELL_M55_6330431029,24.019274199999998,0.0,0.0,0.0
20220127_143037_SHELL_M55_6330431029,2.1685959,0.0010661,0.0034775,0.0
20220127_143101_SHELL_M55_6330431029,3.9698222000000003,0.0,0.0,0.0
20220127_143124_SHELL_M55_6330431029,0.6552791,0.0,0.0,0.0
20220127_144641_SHELL_M55_6320427738,13.3318205,0.0,0.0,0.0
20220127_144709_SHELL_M55_6320427738,16.54933,0.0,0.0,0.0
20220127_144738_SHELL_M55_6320427738,5.1096297,0.0,0.0013076,0.0
20220127_144801_SHELL_M55_6320427738,3.8489656,0.0,0.0,0.0
20220127_144825_SHELL_M55_6320427738,1.4103551,0.0,0.0,0.0
20220127_145307_SHELL_M55_6330431481,12.2705429,0.0006222,0.0,0.0
20220127_145336_SHELL_M55_6330431481,17.2492,0.0,0.0,0.0
20220127_145405_SHELL_M55_6330431481,3.9250446,0.0001263,0.0,0.0
20220127_145428_SHELL_M55_6330431481,3.4539232,0.0,0.0,0.0
20220127_145450_SHELL_M55_6330431481,0.8995376,0.0,0.0,0.0
20220127_145922_SHELL_M55_6320427256,5.667573,0.0,0.0,0.0
20220127_145951_SHELL_M55_6320427256,0.5355035,0.0157266,0.0019252,0.0
20220127_150020_SHELL_M55_6320427256,3.6331792,0.0,0.0009092,0.0
20220127_150043_SHELL_M55_6320427256,4.0581862,0.0,0.0,0.0
20220127_150106_SHELL_M55_6320427256,0.833883,0.0,0.0,0.0
20220127_150319_SHELL_M55_6320427670,5.6785642,0.0,0.0,0.0
20220127_150348_SHELL_M55_6320427670,12.6584909,0.0,0.0,0.0
20220127_150416_SHELL_M55_6320427670,7.5099492,0.0,0.0,0.0
20220127_150439_SHELL_M55_6320427670,2.1862373,0.0,0.0,0.0
20220127_150502_SHELL_M55_6320427670,1.5951208000000001,0.0,0.0,0.0
20220127_150737_SHELL_M55_6330431480,9.7819141,0.0,0.0,0.0
20220127_150805_SHELL_M55_6330431480,2.2373985,0.0023138,0.0,0.0
20220127_150834_SHELL_M55_6330431480,4.8396699,0.0,0.0008122,0.0
20220127_150857_SHELL_M55_6330431480,3.500939,0.0,0.0,0.0
20220127_150920_SHELL_M55_6330431480,1.3021572,0.0,0.0,0.0
20220127_151126_SHELL_M55_6330431090,10.9656664,0.0,0.0,0.0
20220127_151155_SHELL_M55_6330431090,9.1134249,0.0042544,0.0,0.0
20220127_151224_SHELL_M55_6330431090,6.9265873000000004,7.65e-05,0.0,0.0
20220127_151247_SHELL_M55_6330431090,4.0147951,0.0,0.0,0.0
20220127_151310_SHELL_M55_6330431090,1.4522869999999999,0.0,0.0,0.0
20220127_151516_SHELL_M55_6330431042,14.3321221,0.0,0.0,0.0
20220127_151545_SHELL_M55_6330431042,16.182944,0.0,0.0,0.0
20220127_151614_SHELL_M55_6330431042,5.0459407,0.0,0.0003826,0.0
20220127_151637_SHELL_M55_6330431042,3.6838071,0.0,0.0,0.0
20220127_151659_SHELL_M55_6330431042,0.7855837999999999,0.0,0.0,0.0
20220127_151920_SHELL_M55_6330431038,5.7776571,0.0,0.0,0.0
20220127_151948_SHELL_M55_6330431038,14.9203651,0.0,0.0,0.0
20220127_152017_SHELL_M55_6330431038,5.1747571,0.0002296,0.0013264000000000001,0.0
20220127_152040_SHELL_M55_6330431038,3.7816497,0.0,0.0,0.0
20220127_152103_SHELL_M55_6330431038,0.6215481,0.0,0.0,0.0
20220127_155428_SHELL_M55_6320427431,9.5866428,0.0,0.0,0.0
20220127_155456_SHELL_M55_6320427431,10.1270048,0.0021574,0.0,0.0
20220127_155525_SHELL_M55_6320427431,3.7304848,0.0,0.0,0.0
20220127_155548_SHELL_M55_6320427431,2.6065048,0.0,0.0,0.0
20220127_155611_SHELL_M55_6320427431,0.8956891,0.0,0.0,0.0
20220128_083635_SHELL_M55_6320427317,11.374573400000001,0.0,0.0,0.0
20220128_083703_SHELL_M55_6320427317,16.0894254,0.0,0.0,0.0
20220128_083732_SHELL_M55_6320427317,4.1617013,0.0,0.0,0.0
20220128_083755_SHELL_M55_6320427317,2.8402041000000002,0.0,0.0,0.0
20220128_083818_SHELL_M55_6320427317,1.8771318000000001,0.0,0.0,0.0
20220128_092426_SHELL_M55_6320427325,3.9338018999999997,0.0002152,0.0,0.0
20220128_092454_SHELL_M55_6320427325,0.6174618,0.0093259,0.0,0.0
20220128_092523_SHELL_M55_6320427325,5.699207,0.0,5.1e-05,0.0
20220128_092546_SHELL_M55_6320427325,3.7763437,0.0,0.0,0.0
20220128_092609_SHELL_M55_6320427325,0.9645939,0.0,0.0,0.0
20220128_093636_SHELL_M55_6320427390,12.0219763,0.0,0.0,0.0
20220128_093705_SHELL_M55_6320427390,8.3217497,0.0001256,0.0,0.0
20220128_093734_SHELL_M55_6320427390,3.2099236,0.0,0.0022589,0.0
20220128_093757_SHELL_M55_6320427390,4.1161676,0.0,0.0,0.0
20220128_093820_SHELL_M55_6320427390,0.3515923,0.0,0.0,0.0
20220128_094342_SHELL_M55_6320427797,15.9552473,0.0,0.0,0.0
20220128_094411_SHELL_M55_6320427797,11.2473801,0.0003251,0.0,0.0
20220128_094440_SHELL_M55_6320427797,4.5097857999999995,0.0,0.0004041,0.0
20220128_094503_SHELL_M55_6320427797,3.6906837,0.0,0.0,0.0
20220128_094526_SHELL_M55_6320427797,1.110589,0.0,0.0,0.0
20220128_094844_SHELL_M55_6320427723,17.3587742,0.0,0.0,0.0
20220128_094913_SHELL_M55_6320427723,13.476647999999999,0.0,0.0,0.0
20220128_095038_SHELL_M55_6320427723,4.1759394,0.0034772,0.0,0.0
20220128_095101_SHELL_M55_6320427723,3.6507869,0.0,0.0,0.0
20220128_095124_SHELL_M55_6320427723,0.3332741,0.0,0.0,0.0
20220128_095627_SHELL_M55_6330431268,5.4131471,0.0,0.0,0.0
20220128_095656_SHELL_M55_6330431268,14.8269561,0.0,0.0,0.0
20220128_095725_SHELL_M55_6330431268,2.3776019,0.0,0.0003061,0.0
20220128_095748_SHELL_M55_6330431268,2.5960302,0.0,0.0,0.0
20220128_095810_SHELL_M55_6330431268,1.0157838,0.0,0.0,0.0
20220128_100356_SHELL_M55_6320427394,8.19513,0.0,0.0,0.0
20220128_100424_SHELL_M55_6320427394,20.2091523,0.0,0.0,0.0
20220128_100453_SHELL_M55_6320427394,2.5066832,0.0009184,0.0012755,0.0
20220128_100516_SHELL_M55_6320427394,4.4199237,0.0,0.0,0.0
20220128_100539_SHELL_M55_6320427394,0.7796192,0.0,0.0,0.0
20220128_100751_SHELL_M55_6320427430,12.6900699,0.0,0.0,0.0
20220128_100820_SHELL_M55_6320427430,15.9912868,0.0,0.0,0.0
20220128_100849_SHELL_M55_6320427430,3.8355808000000002,0.0,0.0,0.0
20220128_100912_SHELL_M55_6320427430,3.2264719,0.0,0.0,0.0
20220128_100935_SHELL_M55_6320427430,1.0615231,0.0,0.0,0.0
20220128_101244_SHELL_M55_6320427726,15.2277325,0.0,0.0,0.0
20220128_101313_SHELL_M55_6320427726,20.9019115,0.0,0.0,0.0
20220128_101341_SHELL_M55_6320427726,4.1021573,0.0,0.0,0.0
20220128_101404_SHELL_M55_6320427726,3.7459387,0.0005329,0.0,0.0
20220128_101427_SHELL_M55_6320427726,1.0867512,0.0,0.0,0.0
20220128_101705_SHELL_M55_6330431035,9.9003296,0.0,0.0,0.0
20220128_101734_SHELL_M55_6330431035,5.9055158,0.0038004,0.0,0.0
20220128_101802_SHELL_M55_6330431035,2.6659387,0.0,0.0,0.0
20220128_101825_SHELL_M55_6330431035,3.9403805,0.0,0.0,0.0
20220128_101848_SHELL_M55_6330431035,1.1856849999999999,0.0,0.0,0.0
20220128_102153_SHELL_M55_6330431488,6.558421,0.0,0.0,0.0
20220128_102222_SHELL_M55_6330431488,20.2438819,0.0,0.0,0.0
20220128_102251_SHELL_M55_6330431488,3.5674567,0.0,0.0,0.0
20220128_102314_SHELL_M55_6330431488,3.3611418,0.0,0.0,0.0
20220128_102338_SHELL_M55_6330431488,0.8004823,0.0,0.0,0.0
20220128_102604_SHELL_M55_6330431028,9.7190713,2.39e-05,0.0,0.0
20220128_102633_SHELL_M55_6330431028,17.3222323,0.0,0.0,0.0
20220128_102702_SHELL_M55_6330431028,3.0718018,0.0,7.61e-05,0.0
20220128_102725_SHELL_M55_6330431028,2.7882162,0.0,0.0,0.0
20220128_102748_SHELL_M55_6330431028,0.535,0.0,0.0,0.0
20220128_103118_SHELL_M55_6320427665,15.932678,0.0,0.0,0.0
20220128_103147_SHELL_M55_6320427665,8.8486356,0.0,0.0,0.0
20220128_103215_SHELL_M55_6320427665,5.5000001,0.0,0.0005076,0.0
20220128_103238_SHELL_M55_6320427665,3.605736,0.0,0.0,0.0
20220128_103301_SHELL_M55_6320427665,1.3779188,0.0,0.0,0.0
20220128_103544_SHELL_M55_6320427227,6.4736126,0.0,0.0,0.0
20220128_103613_SHELL_M55_6320427227,14.5014146,0.0,0.0,0.0
20220128_103642_SHELL_M55_6320427227,5.5847448,0.0,0.0,0.0
20220128_103705_SHELL_M55_6320427227,3.3707112,0.0,0.0,0.0
20220128_103728_SHELL_M55_6320427227,1.286142,0.0,0.0,0.0
20220128_104336_SHELL_M55_6330431058,11.0934928,0.0,0.0,0.0
20220128_104405_SHELL_M55_6330431058,12.3280831,0.0,0.0,0.0
20220128_104434_SHELL_M55_6330431058,3.8052666,0.0,2.51e-05,0.0
20220128_104457_SHELL_M55_6330431058,4.5219245,0.0,0.0,0.0
20220128_104520_SHELL_M55_6330431058,1.1142132,0.0,0.0,0.0
20220128_104856_SHELL_M55_6320427722,3.3104279,0.0,0.0,0.0
20220128_104925_SHELL_M55_6320427722,14.3833862,0.0,0.0,0.0
20220128_104953_SHELL_M55_6320427722,2.8484226,0.0,0.0,0.0
20220128_105016_SHELL_M55_6320427722,3.0099752,0.0,0.0,0.0
20220128_105039_SHELL_M55_6320427722,0.3622243,0.0011112,0.0,0.0
20220128_105256_SHELL_M55_6330430951,11.7512801,0.0,0.0,0.0
20220128_105325_SHELL_M55_6330430951,20.3342673,0.0,0.0,0.0
20220128_105354_SHELL_M55_6330430951,3.2569135,0.0,0.0,0.0
20220128_105417_SHELL_M55_6330430951,2.5270303,0.0,0.0,0.0
20220128_105440_SHELL_M55_6330430951,1.4561203,0.0,0.0,0.0
20220128_105702_SHELL_M55_6330431024,16.0412984,0.0,0.0,0.0
20220128_105731_SHELL_M55_6330431024,14.0083585,0.0,0.0,0.0
20220128_105800_SHELL_M55_6330431024,2.1138013,0.0011225,0.008418400000000001,0.0
20220128_105823_SHELL_M55_6330431024,3.1953043,0.0,0.0,0.0
20220128_105846_SHELL_M55_6330431024,0.6793148999999999,0.0,0.0,0.0
20220128_110402_SHELL_M55_6320427218,8.786682,0.0,0.0,0.0
20220128_110431_SHELL_M55_6320427218,17.4224051,0.0,0.0,0.0
20220128_110641_SHELL_M55_6320427218,2.9680358,0.0007143,0.0010969,2.55e-05
20220128_110704_SHELL_M55_6320427218,4.7270561,0.0,0.0,0.0
20220128_110727_SHELL_M55_6320427218,1.7402536,0.0,0.0,0.0
20220128_111519_SHELL_M55_6330431271,7.0675486,0.0,0.0,0.0
20220128_111548_SHELL_M55_6330431271,6.446335299999999,0.0,0.0,0.0
20220128_111617_SHELL_M55_6330431271,1.6544064,0.0,0.0,0.0
20220128_111640_SHELL_M55_6330431271,2.9615374,0.0,0.0,0.0
20220128_111703_SHELL_M55_6330431271,0.7070264,0.0,0.0,0.0
20220128_111918_SHELL_M55_6330431018,17.328106899999998,0.0,0.0,0.0
20220128_111947_SHELL_M55_6330431018,16.5874913,0.0,0.0,0.0
20220128_112015_SHELL_M55_6330431018,4.2265737,0.000533,0.0,0.0
20220128_112039_SHELL_M55_6330431018,3.1918521,0.0,0.0,0.0
20220128_112102_SHELL_M55_6330431018,0.9379042,0.0,0.0,0.0
20220128_112343_SHELL_M55_6330431041,5.6729343,0.0,0.0,0.0
20220128_112412_SHELL_M55_6330431041,14.8577396,0.0,0.0,0.0
20220128_112441_SHELL_M55_6330431041,3.9190845,2.53e-05,5.05e-05,0.0
20220128_112504_SHELL_M55_6330431041,3.3234585,0.0,0.0,0.0
20220128_112527_SHELL_M55_6330431041,1.1241002,0.0,0.0,0.0
20220128_112750_SHELL_M55_6330431066,11.4543974,0.0,0.0,0.0
20220128_112819_SHELL_M55_6330431066,19.289466,0.0,0.0,0.0
20220128_112848_SHELL_M55_6330431066,4.5988578,0.0,0.0,0.0
20220128_112912_SHELL_M55_6330431066,3.0803803,0.0,0.0,0.0
20220128_112934_SHELL_M55_6330431066,1.5626904,0.0,0.0,0.0
20220128_113142_SHELL_M55_6330431023,7.2119879,0.0,0.0,0.0
20220128_113211_SHELL_M55_6330431023,19.6425734,0.0,0.0,0.0
20220128_113240_SHELL_M55_6330431023,2.4146607,0.0,0.0058300999999999995,0.0
20220128_113303_SHELL_M55_6330431023,2.9333067,0.0,0.0,0.0
20220128_113325_SHELL_M55_6330431023,0.1588682,0.0,0.0,0.0
20220128_114309_SHELL_M55_6330431484,9.4768272,0.0001202,0.0,0.0
20220128_114338_SHELL_M55_6330431484,12.9699722,0.0,0.0,0.0
20220128_114407_SHELL_M55_6330431484,5.802485,0.0007071,0.0,0.0
20220128_114430_SHELL_M55_6330431484,2.7781503,0.0,0.0,0.0
20220128_114453_SHELL_M55_6330431484,0.7207397,0.0,0.0,0.0
20220128_115013_SHELL_M55_6320427720,6.9246699000000005,0.0,0.0,0.0
20220128_115042_SHELL_M55_6320427720,12.9458949,0.0,0.0,0.0
20220128_115111_SHELL_M55_6320427720,5.2042447,0.0,0.0,0.0
20220128_115134_SHELL_M55_6320427720,4.3529438,0.0,0.0,0.0
20220128_115157_SHELL_M55_6320427720,1.0213451,0.0,0.0,0.0
20220128_115908_SHELL_M55_6330430956,6.8402882,0.0,0.0,0.0
20220128_115937_SHELL_M55_6330430956,20.3197961,0.0,0.0,0.0
20220128_120006_SHELL_M55_6330430956,5.1407364,0.0,0.0,0.0
20220128_120029_SHELL_M55_6330430956,4.5091877,0.0,0.0,0.0
20220128_120052_SHELL_M55_6330430956,2.3740101,0.0,0.0,0.0
20220128_120819_SHELL_M55_6330431043,14.6463856,0.0,0.0,0.0
20220128_120848_SHELL_M55_6330431043,17.9158998,0.0,0.0,0.0
20220128_120917_SHELL_M55_6330431043,9.9858686,0.0001275,0.000102,0.0
20220128_120940_SHELL_M55_6330431043,4.9476902,0.0,0.0,0.0
20220128_121003_SHELL_M55_6330431043,1.9515991,0.0,0.0,0.0
20220128_121227_SHELL_M55_6330431019,19.1456316,0.0,0.0,0.0
20220128_121255_SHELL_M55_6330431019,12.587843,0.0,0.0,0.0
20220128_121324_SHELL_M55_6330431019,3.9903277999999998,0.000101,0.0012375,0.0
20220128_121347_SHELL_M55_6330431019,2.6031767,0.0,0.0,0.0
20220128_121410_SHELL_M55_6330431019,0.1736242,0.0,0.0,0.0
20220128_121757_SHELL_M55_6330432606,5.9126359,0.0,0.0,0.0
20220128_121826_SHELL_M55_6330432606,18.2953045,0.0,0.0,0.0
20220128_121855_SHELL_M55_6330432606,6.0590006,0.0,0.0,0.0
20220128_121918_SHELL_M55_6330432606,3.9084772,0.0,0.0,0.0
20220128_121941_SHELL_M55_6330432606,1.5529186,0.0,0.0,0.0
20220128_122230_SHELL_M55_6320427551,14.8553449,0.0027565,0.0,0.0
20220128_122258_SHELL_M55_6320427551,13.7712948,0.0,0.0,0.0
20220128_122327_SHELL_M55_6320427551,3.3772963,0.0,0.0,0.0
20220128_122350_SHELL_M55_6320427551,2.2716582,0.0,0.0,0.0
20220128_122413_SHELL_M55_6320427551,1.2865818,0.0,0.0,0.0
20220128_122819_SHELL_M55_6320427724,7.9514176,0.0002522,0.0,0.0
20220128_122848_SHELL_M55_6320427724,1.5574213000000001,0.0045529,0.0,0.0
20220128_122917_SHELL_M55_6320427724,3.6445937,0.0,0.0007868,0.0
20220128_122940_SHELL_M55_6320427724,4.0407866,0.0,0.0,0.0
20220128_123003_SHELL_M55_6320427724,1.2559392,0.0,0.0,0.0
20220128_123256_SHELL_M55_6320427257,4.1273954999999996,0.0,0.0,0.0
20220128_123325_SHELL_M55_6320427257,12.022927600000001,7.5e-05,0.0,0.0
20220128_123354_SHELL_M55_6320427257,4.3138116,0.0001515,0.0,0.0
20220128_123417_SHELL_M55_6320427257,4.9395683,0.0,0.0,0.0
20220128_123439_SHELL_M55_6320427257,0.5819543,0.0,0.0,0.0
20220128_124145_SHELL_M55_6320427553,16.2494021,0.0,0.0,0.0
20220128_124214_SHELL_M55_6320427553,17.2225225,0.0,0.0,0.0
20220128_124243_SHELL_M55_6320427553,4.6775885,0.0038071,0.009695500000000001,0.0
20220128_124306_SHELL_M55_6320427553,2.2748471,0.0,0.0,0.0
20220128_124329_SHELL_M55_6320427553,1.7997969,0.0,0.0,0.0
20220128_124556_SHELL_M55_6330431031,12.5888333,0.0,0.0,0.0
20220128_124625_SHELL_M55_6330431031,17.1979699,0.0,0.0,0.0
20220128_124653_SHELL_M55_6330431031,4.9291865,0.0007576,0.0028537,0.0
20220128_124716_SHELL_M55_6330431031,3.3358587,0.0,0.0,0.0
20220128_124740_SHELL_M55_6330431031,0.7307118,0.0,0.0,0.0
20220128_125147_SHELL_M55_6320427719,5.8732577,0.0,0.0,0.0
20220128_125216_SHELL_M55_6320427719,7.44802,0.009976,0.0,0.0
20220128_125245_SHELL_M55_6320427719,2.2046651,5.08e-05,0.0019038,0.0
20220128_125308_SHELL_M55_6320427719,5.0724873,0.0,0.0,0.0
20220128_125331_SHELL_M55_6320427719,0.791929,0.0,0.0,0.0
20220128_125608_SHELL_M55_6330431282,10.1317479,0.0,0.0,0.0
20220128_125636_SHELL_M55_6330431282,17.114882,0.0,0.0,0.0
20220128_125705_SHELL_M55_6330431282,6.6902279,0.0007652,0.0,0.0
20220128_125728_SHELL_M55_6330431282,4.492792,0.0,0.0,0.0
20220128_125751_SHELL_M55_6330431282,1.5704052,0.0,0.0,0.0
20220128_130026_SHELL_M55_6320427718,8.1807044,0.0,0.0,0.0
20220128_130055_SHELL_M55_6320427718,3.1031102,0.0,0.0,0.0
20220128_130123_SHELL_M55_6320427718,4.3647497,0.0,0.0,0.0
20220128_130146_SHELL_M55_6320427718,4.7391624,0.0,0.0,0.0
20220128_130209_SHELL_M55_6320427718,0.5868122,0.0,0.0,0.0
20220128_130442_SHELL_M55_6320427403,13.6604537,0.0,0.0,0.0
20220128_130511_SHELL_M55_6320427403,0.4879772,0.0,0.0052969,2.46e-05
20220128_130540_SHELL_M55_6320427403,3.4765737,0.0,0.0004061,0.0
20220128_130603_SHELL_M55_6320427403,3.0461421,0.0,0.0,0.0
20220128_130626_SHELL_M55_6320427403,0.7168327,0.0,0.0,0.0
20220128_131120_SHELL_M55_6320427721,2.9276769,0.0,0.0,0.0
20220128_131149_SHELL_M55_6320427721,19.3297969,0.0,0.0,0.0
20220128_131218_SHELL_M55_6320427721,3.3103807,0.0,0.0001015,0.0
20220128_131240_SHELL_M55_6320427721,3.573553,0.0,0.0,0.0
20220128_131303_SHELL_M55_6320427721,0.7360661000000001,0.0,0.0,0.0
20220128_131821_SHELL_M55_6330431033,8.2258376,0.0,0.0,0.0
20220128_131850_SHELL_M55_6330431033,12.6072983,0.0,0.0,0.0
20220128_131919_SHELL_M55_6330431033,4.6595698,0.0,0.0035104,0.0
20220128_131942_SHELL_M55_6330431033,4.5107963,0.0,0.0,0.0
20220128_132005_SHELL_M55_6330431033,1.0329573,0.0,0.0,0.0
20220128_132507_SHELL_M55_6330431036,5.9824673,0.0,0.0,0.0
20220128_132536_SHELL_M55_6330431036,9.9072725,0.0,0.0,0.0
20220128_132605_SHELL_M55_6330431036,4.731505,0.0016582,0.0,0.0
20220128_132628_SHELL_M55_6330431036,2.5977549,0.0,0.0,0.0
20220128_132651_SHELL_M55_6330431036,1.303452,0.0,0.0,0.0
20220128_133248_SHELL_M55_6320427392,1.4278988,0.0,0.0,0.0
20220128_133317_SHELL_M55_6320427392,18.6475946,0.0,0.0,0.0
20220128_133346_SHELL_M55_6320427392,3.9276206,0.0,0.0,0.0
20220128_133409_SHELL_M55_6320427392,3.3311357999999998,0.0,0.0,0.0
20220128_133432_SHELL_M55_6320427392,0.889188,0.0,0.0,0.0
20220128_134108_SHELL_M55_6320427549,5.8272981,0.0,0.0,0.0
20220128_134137_SHELL_M55_6320427549,21.848959,0.0,0.0,0.0
20220128_134205_SHELL_M55_6320427549,2.9524111,0.0,0.0,0.0
20220128_134229_SHELL_M55_6320427549,3.1004620000000003,0.0,0.0,0.0
20220128_134252_SHELL_M55_6320427549,0.3375511,0.0,0.0,0.0
20220128_135026_SHELL_M55_6320427445,15.5712694,0.0,0.0,0.0
20220128_135055_SHELL_M55_6320427445,22.202742,0.0,0.0,0.0
20220128_135124_SHELL_M55_6320427445,2.9528062999999998,0.0,0.0002296,0.0
20220128_135147_SHELL_M55_6320427445,2.4609438,0.0,0.0,0.0
20220128_135210_SHELL_M55_6320427445,1.6420305,0.0,0.0,0.0
20220128_135548_SHELL_M55_6320427333,19.0945033,0.0,0.0,0.0
20220128_135617_SHELL_M55_6320427333,13.9276843,0.0,0.0,0.0
20220128_135646_SHELL_M55_6320427333,5.0347194,0.0,0.0,0.0
20220128_135709_SHELL_M55_6320427333,4.3576027,0.0,0.0,0.0
20220128_135732_SHELL_M55_6320427333,1.9794931,0.0,0.0,0.0
20220128_140010_SHELL_M55_6330431469,17.1257008,0.0,0.0,0.0
20220128_140039_SHELL_M55_6330431469,15.007897100000001,0.0,0.0,0.0
20220128_140108_SHELL_M55_6330431469,4.1651637,0.0,0.000101,0.0
20220128_140131_SHELL_M55_6330431469,4.0359894,0.0,0.0,0.0
20220128_140154_SHELL_M55_6330431469,0.7299794000000001,0.0,0.0,0.0
20220128_140442_SHELL_M55_6320427662,17.5421731,0.0,0.0,0.0
20220128_140511_SHELL_M55_6320427662,10.7234782,0.0,0.0,0.0
20220128_140540_SHELL_M55_6320427662,6.4990527,0.0,0.0,0.0
20220128_140603_SHELL_M55_6320427662,4.0154049,0.0,0.0,0.0
20220128_140626_SHELL_M55_6320427662,1.5330456000000001,0.0,0.0,0.0
20220128_141405_SHELL_M55_6320427255,11.2408852,0.0,0.0,0.0
20220128_141434_SHELL_M55_6320427255,15.8926898,0.0,0.0,0.0
20220128_141502_SHELL_M55_6320427255,2.9484768,0.0,0.001269,0.0
20220128_141526_SHELL_M55_6320427255,3.0170358,0.0,0.0,0.0
20220128_141548_SHELL_M55_6320427255,0.3123469,0.0048236,0.0,0.0
20220128_141821_SHELL_M55_6320427440,8.2381009,0.0,0.0,0.0
20220128_141850_SHELL_M55_6320427440,16.088754899999998,0.0,0.0,0.0
20220128_141919_SHELL_M55_6320427440,4.9177552,0.0,0.0002041,0.0
20220128_141942_SHELL_M55_6320427440,2.6646426,0.0,0.0,0.0
20220128_142005_SHELL_M55_6320427440,0.9883927,0.0,0.0,0.0
20220128_142455_SHELL_M55_6320427673,17.906246,0.0,0.0,0.0
20220128_142524_SHELL_M55_6320427673,15.8430559,0.0,0.0,0.0
20220128_142552_SHELL_M55_6320427673,3.7395137,0.0,0.0,0.0
20220128_142615_SHELL_M55_6320427673,2.7468273,0.0,0.0,0.0
20220128_142638_SHELL_M55_6320427673,1.4551521,0.0,0.0,0.0
20220128_143357_SHELL_M55_6330431039,7.7301667,0.0,0.0,0.0
20220128_143425_SHELL_M55_6330431039,13.7812359,0.0,0.0,0.0
20220128_143454_SHELL_M55_6330431039,3.1369295,0.0,0.0010607,0.0
20220128_143517_SHELL_M55_6330431039,3.7051519,0.0,0.0,0.0
20220128_143540_SHELL_M55_6330431039,0.7818781,0.0,0.0,0.0
20220128_144057_SHELL_M55_6320427806,9.9941192,0.0,0.0,0.0
20220128_144126_SHELL_M55_6320427806,6.6168398,0.0,0.0,0.0
20220128_144154_SHELL_M55_6320427806,5.583273999999999,0.0,0.0,0.0
20220128_144217_SHELL_M55_6320427806,3.6782742,0.0,0.0,0.0
20220128_144240_SHELL_M55_6320427806,1.172005,0.0,0.0,0.0
20220128_145345_SHELL_M55_6320427261,15.3897109,0.0,0.0,0.0
20220128_145414_SHELL_M55_6320427261,17.9466948,0.0,0.0,0.0
20220128_145443_SHELL_M55_6320427261,5.1376364,0.0,0.0001768,0.0
20220128_145506_SHELL_M55_6320427261,4.6055585,0.0,0.0,0.0
20220128_145529_SHELL_M55_6320427261,1.5158883,0.0,0.0,0.0
20220128_150255_SHELL_M55_6320427401,9.3863745,0.0,0.0,0.0
20220128_150324_SHELL_M55_6320427401,17.9664921,0.0,0.0,0.0
20220128_150353_SHELL_M55_6320427401,3.5384185,0.0033418,0.0,0.0
20220128_150416_SHELL_M55_6320427401,2.468903,0.0,0.0,0.0
20220128_150439_SHELL_M55_6320427401,1.0824113,0.0,0.0,0.0
20220128_150800_SHELL_M55_6330431490,9.084617,0.0,0.0,0.0
20220128_150829_SHELL_M55_6330431490,12.9404387,0.0,0.0,0.0
20220128_150858_SHELL_M55_6330431490,3.8489025999999997,0.0,0.0,0.0
20220128_150921_SHELL_M55_6330431490,2.9560318,0.0,0.0,0.0
20220128_150944_SHELL_M55_6330431490,1.181049,0.0,0.0,0.0
20220128_151434_SHELL_M55_6320427802,17.8052238,0.0,0.0,0.0
20220128_151503_SHELL_M55_6320427802,8.7634919,0.0,0.0,0.0
20220128_151532_SHELL_M55_6320427802,4.5167348,0.0,0.0,0.0
20220128_151555_SHELL_M55_6320427802,2.5070154000000002,0.0,0.0,0.0
20220128_151618_SHELL_M55_6320427802,1.3284012,0.0,0.0,0.0
20220128_151948_SHELL_M55_6320427804,13.3398285,0.0,0.0,0.0
20220128_152016_SHELL_M55_6320427804,19.0592993,0.0,0.0,0.0
20220128_152045_SHELL_M55_6320427804,5.2836803,0.0,0.0,0.0
20220128_152108_SHELL_M55_6320427804,4.535342,0.0,0.0,0.0
20220128_152131_SHELL_M55_6320427804,1.5692133,0.0,0.0,0.0
20220128_152756_SHELL_M55_6320427258,11.270311,0.0,0.0,0.0
20220128_152825_SHELL_M55_6320427258,12.7324235,0.0,0.0,0.0
20220128_152854_SHELL_M55_6320427258,2.6541656,0.0,7.58e-05,0.0
20220128_152917_SHELL_M55_6320427258,2.3888169,0.0,0.0,0.0
20220128_152940_SHELL_M55_6320427258,0.7310406,0.0,0.0,0.0
20220128_153651_SHELL_M55_6320427433,7.0704265,0.0,0.0,0.0
20220128_153720_SHELL_M55_6320427433,11.5086436,0.0,0.0,0.0
20220128_153749_SHELL_M55_6320427433,4.694749,0.0,0.0,0.0
20220128_153812_SHELL_M55_6320427433,3.7404347,0.0,0.0,0.0
20220128_153835_SHELL_M55_6320427433,1.6435333,0.0,0.0,0.0
20220128_154210_SHELL_M55_6330430948,16.7394292,0.0,0.0,0.0
20220128_154239_SHELL_M55_6330430948,13.6846726,0.001288,0.0,0.0
20220128_154308_SHELL_M55_6330430948,4.2237246,0.0,0.0,0.0
20220128_154331_SHELL_M55_6330430948,1.7747921,0.0,0.0,0.0
20220128_154354_SHELL_M55_6330430948,1.5457868,0.0,0.0,0.0
20220128_154753_SHELL_M55_6320427231,6.5846626,0.0,0.0,0.0
20220128_154821_SHELL_M55_6320427231,13.7128818,0.0003031,0.0,0.0
20220128_154850_SHELL_M55_6320427231,2.2777693,0.0,0.0013199,0.0
20220128_154913_SHELL_M55_6320427231,1.7704846,0.0,0.0,0.0
20220128_154937_SHELL_M55_6320427231,0.7294995999999999,0.0,0.0,0.0
20220128_155214_SHELL_M55_6320427398,7.1053599,0.0,0.0,0.0
20220128_155243_SHELL_M55_6320427398,12.8097327,0.0029295,0.0,0.0
20220128_155312_SHELL_M55_6320427398,1.4118625,0.0,0.0002041,0.0
20220128_155335_SHELL_M55_6320427398,3.5604821,0.0,0.0,0.0
20220128_155358_SHELL_M55_6320427398,0.9775513,0.0,0.0,0.0
20220128_160351_SHELL_M55_6330431037,15.1095092,0.0,0.0,0.0
20220128_160420_SHELL_M55_6330431037,6.6602592,0.003769,0.0,0.0
20220128_160448_SHELL_M55_6330431037,3.0198985,0.0,0.0,0.0
20220128_160511_SHELL_M55_6330431037,4.2960662,0.0,0.0,0.0
20220128_160534_SHELL_M55_6330431037,1.079122,0.0,0.0,0.0
20220128_161147_SHELL_M55_6320427436,9.040857,0.0,0.0,0.0
20220128_161216_SHELL_M55_6320427436,18.0745842,0.000201,0.0,0.0
20220128_161245_SHELL_M55_6320427436,6.2145153,0.0005102,0.0,0.0
20220128_161308_SHELL_M55_6320427436,3.5145404,0.0,0.0,0.0
20220128_161331_SHELL_M55_6320427436,1.433978,0.0,0.0,0.0
20220128_161657_SHELL_M55_6330431026,16.9995326,0.0,0.0,0.0
20220128_161726_SHELL_M55_6330431026,15.53187,0.0,0.0,0.0
20220128_161755_SHELL_M55_6330431026,2.8496005,0.0,0.0089963,2.51e-05
20220128_161818_SHELL_M55_6330431026,2.6993517000000002,0.0,0.0,0.0
20220128_161841_SHELL_M55_6330431026,0.0722025,0.0,0.0,0.0
20220128_162219_SHELL_M55_6320427552,12.5959453,0.0,0.0,0.0
20220128_162248_SHELL_M55_6320427552,12.4254047,0.0,0.0,0.0
20220128_162317_SHELL_M55_6320427552,4.729121,0.0,0.0,0.0
20220128_162339_SHELL_M55_6320427552,4.0005074,0.0,0.0,0.0
20220128_162403_SHELL_M55_6320427552,1.5804061,0.0,0.0,0.0
20220128_162627_SHELL_M55_6330431487,15.7877036,0.0,0.0,0.0
20220128_162656_SHELL_M55_6330431487,13.3110705,0.0,0.0,0.0
20220128_162725_SHELL_M55_6330431487,4.6430364,0.0,0.001205,0.0
20220128_162748_SHELL_M55_6330431487,2.6531379,0.0,0.0,0.0
20220128_162811_SHELL_M55_6330431487,1.6445432,0.0,0.0,0.0
20220128_163045_SHELL_M55_6330431470,13.1301487,0.0,0.0,0.0
20220128_163114_SHELL_M55_6330431470,13.5777455,0.0,0.0,0.0
20220128_163142_SHELL_M55_6330431470,2.705609,0.0,0.0022476,0.0
20220128_163205_SHELL_M55_6330431470,3.8605447,0.0,0.0,0.0
20220128_163228_SHELL_M55_6330431470,0.583125,0.0,0.0,0.0
20220128_163503_SHELL_M55_6330431040,17.0309443,0.0,0.0,0.0
20220128_163532_SHELL_M55_6330431040,8.2576752,7.46e-05,0.0,0.0
20220128_163601_SHELL_M55_6330431040,5.0288576,0.0,0.0,0.0
20220128_163624_SHELL_M55_6330431040,3.3639597,0.0,0.0,0.0
20220128_163646_SHELL_M55_6330431040,0.8987045,0.0,0.0,0.0
20220128_163934_SHELL_M55_6320427276,12.397499700000001,0.0,0.0,0.0
20220128_164002_SHELL_M55_6320427276,15.6841068,0.0,0.0,0.0
20220128_164031_SHELL_M55_6320427276,4.7880202,0.0,0.0,0.0
20220128_164054_SHELL_M55_6320427276,4.6178677,0.0,0.0,0.0
20220128_164117_SHELL_M55_6320427276,0.8709136,0.0,0.0,0.0
20220128_164550_SHELL_M55_6330431057,6.3662756,0.0,0.0,0.0
20220128_164619_SHELL_M55_6330431057,13.3991906,0.0,0.0,0.0
20220128_164648_SHELL_M55_6330431057,3.2737563,0.0,0.0012437000000000001,0.0
20220128_164711_SHELL_M55_6330431057,3.6445686,0.0,0.0,0.0
20220128_164903_SHELL_M55_6330431057,0.6675127000000001,0.0,0.0,0.0
20220128_165220_SHELL_M55_6320427323,5.7694176,0.0,0.0,0.0
20220128_165249_SHELL_M55_6320427323,16.1227195,0.0,0.0,0.0
20220128_165318_SHELL_M55_6320427323,4.9661168,0.0,0.0001269,0.0
20220128_165341_SHELL_M55_6320427323,4.3906344,0.0008122,0.0,0.0
20220128_165404_SHELL_M55_6320427323,0.8107108,0.0,0.0,0.0
20220128_165649_SHELL_M55_6330430949,13.0308264,0.0,0.0,0.0
20220128_165718_SHELL_M55_6330430949,14.6605056,0.0,0.0,0.0
20220128_165747_SHELL_M55_6330430949,4.1473215,0.0,0.0,0.0
20220128_165810_SHELL_M55_6330430949,3.5992623,0.0,0.0,0.0
20220128_165833_SHELL_M55_6330430949,2.0565447,0.0,0.0,0.0
20220128_170114_SHELL_M55_6320427432,11.7108593,0.0,0.0,0.0
20220128_170143_SHELL_M55_6320427432,15.2616298,2.49e-05,0.0,0.0
20220128_170247_SHELL_M55_6320427432,6.1854192,0.0,0.0,0.0
20220128_170310_SHELL_M55_6320427432,4.5082992,0.0,0.0,0.0
20220128_170333_SHELL_M55_6320427432,1.2860152,0.0,0.0,0.0
20220128_170544_SHELL_M55_6330431111,3.6003062999999997,0.0,0.0073469,0.0
20220128_170607_SHELL_M55_6330431111,2.1799301,0.0,0.0,0.0
20220128_170631_SHELL_M55_6330431111,1.538224,0.0,0.0,0.0
20220128_170833_SHELL_M55_6330431111,5.3940518,0.0,0.0,0.0
20220128_170902_SHELL_M55_6330431111,13.8688279,0.0,0.0,0.0
20220128_171224_SHELL_M55_6330432695,12.4538955,0.0,0.0,0.0
20220128_171253_SHELL_M55_6330432695,5.5329651,0.0,0.0,0.0
20220128_171322_SHELL_M55_6330432695,4.4641626,0.0,0.0,0.0
20220128_171345_SHELL_M55_6330432695,3.1057612,0.0,0.0,0.0
20220128_171408_SHELL_M55_6330432695,1.2310151,0.0,0.0,0.0
20220128_171718_SHELL_M55_6320427306,18.042278,0.0,0.0,0.0
20220128_171746_SHELL_M55_6320427306,18.6150801,0.0,0.0,0.0
20220128_171815_SHELL_M55_6320427306,2.8227644,0.0,0.0006566,0.0
20220128_171838_SHELL_M55_6320427306,3.7009643,0.0,0.0,0.0
20220128_171901_SHELL_M55_6320427306,1.5003808,0.0,0.0,0.0
20220128_172219_SHELL_M55_6320427400,17.2450852,0.0,0.0,0.0
20220128_172248_SHELL_M55_6320427400,5.3329312,0.0,0.0,0.0
20220128_172317_SHELL_M55_6320427400,4.4527919,0.0,0.0,0.0
20220128_172340_SHELL_M55_6320427400,3.5138322,0.0,0.0,0.0
20220128_172403_SHELL_M55_6320427400,1.1885533,0.0,0.0,0.0
20220128_172702_SHELL_M55_6320427340,2.6266913,0.0,0.0,0.0
20220128_172731_SHELL_M55_6320427340,16.6169368,0.0,0.0,0.0
20220128_172759_SHELL_M55_6320427340,6.7720559,0.0,0.0,0.0
20220128_172822_SHELL_M55_6320427340,2.7811479,0.0006122,0.0,0.0
20220128_172845_SHELL_M55_6320427340,1.5969644,0.0,0.0,0.0
20220128_173147_SHELL_M55_6320427439,7.7759331,0.0,0.0,0.0
20220128_173216_SHELL_M55_6320427439,19.7284517,0.0,0.0,0.0
20220128_173244_SHELL_M55_6320427439,7.5877916,0.0,0.0,0.0
20220128_173307_SHELL_M55_6320427439,3.6261421,0.0,0.0,0.0
20220128_173330_SHELL_M55_6320427439,1.3757858,0.0,0.0,0.0
20220128_173727_SHELL_M55_6330431479,7.2915542,0.0,0.0,0.0
20220128_173755_SHELL_M55_6330431479,8.1265387,0.0005025,0.0,0.0
20220128_173824_SHELL_M55_6330431479,3.9115481,0.0,0.0,0.0
20220128_173847_SHELL_M55_6330431479,3.0875887,0.0,0.0,0.0
20220128_173911_SHELL_M55_6330431479,0.7108122,0.0,0.0,0.0
20220128_174307_SHELL_M55_6330431284,13.8120883,0.0,0.0,0.0
20220128_174336_SHELL_M55_6330431284,13.5354034,0.0,0.0,0.0
20220128_174405_SHELL_M55_6330431284,6.161595,0.0,0.0,0.0
20220128_174428_SHELL_M55_6330431284,2.0035123,0.0,0.0,0.0
20220128_174536_SHELL_M55_6330431284,1.490076,0.0,0.0,0.0
20220128_175456_SHELL_M55_6320427668,11.9141039,0.0,0.0,0.0
20220128_175529_SHELL_M55_6320427668,12.7747669,0.0,0.0,0.0
20220128_175603_SHELL_M55_6320427668,7.4048926,0.0,0.0,0.0
20220128_175631_SHELL_M55_6320427668,3.9065225999999997,0.0,0.0,0.0
20220128_175659_SHELL_M55_6320427668,2.3126397,0.0,0.0,0.0
20220128_180015_SHELL_M55_6320427663,6.6677749,0.0,0.0,0.0
20220128_180049_SHELL_M55_6320427663,13.4260718,0.0,0.0,0.0
20220128_180123_SHELL_M55_6320427663,3.4629338,0.0,0.0,0.0
20220128_180151_SHELL_M55_6320427663,2.9653061,0.0,0.0,0.0
20220128_180219_SHELL_M55_6320427663,1.2691876,0.0,0.0,0.0
20220128_180608_SHELL_M55_6330431482,10.6295577,0.0075468,0.0,0.0
20220128_180641_SHELL_M55_6330431482,19.0402028,0.0,0.0,0.0
20220128_180715_SHELL_M55_6330431482,4.4950255,0.0003046,0.0,0.0
20220128_180744_SHELL_M55_6330431482,3.6689848,0.0,0.0,0.0
20220128_180812_SHELL_M55_6330431482,0.6261335,0.0,0.0,0.0
20220128_182141_SHELL_M55_6320427763,10.0124652,0.0,0.0,0.0
20220128_182215_SHELL_M55_6320427763,4.6629412,0.0,0.0,0.0
20220128_182248_SHELL_M55_6320427763,6.1082487,0.0,0.0,0.0
20220128_182316_SHELL_M55_6320427763,3.2010967,0.0,0.0,0.0
20220128_182344_SHELL_M55_6320427763,1.3928315,0.0,0.0,0.0
20220128_190544_SHELL_M55_6320427793,14.6309365,0.0,0.0,0.0
20220128_190618_SHELL_M55_6320427793,12.6490399,0.0,0.0,0.0
20220128_190652_SHELL_M55_6320427793,6.6967767,0.0,0.0,0.0
20220128_190720_SHELL_M55_6320427793,5.7007871,0.0,0.0,0.0
20220128_190748_SHELL_M55_6320427793,1.6948479,0.0,0.0,0.0
20220128_190955_SHELL_M55_6320427428,7.7900245,0.0,0.0,0.0
20220128_191028_SHELL_M55_6320427428,20.455034,0.0,0.0,0.0
20220128_191102_SHELL_M55_6320427428,3.8581885,0.0,0.0,0.0
20220128_191130_SHELL_M55_6320427428,2.1994644,0.0,0.0,0.0
20220128_191159_SHELL_M55_6320427428,0.7956391,0.0,0.0,0.0
20220129_070102_SHELL_M55_6320427388,18.0787919,0.0,0.0,0.0
20220129_070136_SHELL_M55_6320427388,19.903198,0.0,0.0,0.0
20220129_070209_SHELL_M55_6320427388,2.1033323,5.03e-05,0.0076141,0.0
20220129_070237_SHELL_M55_6320427388,2.6968729000000002,0.0,0.0,0.0
20220129_070305_SHELL_M55_6320427388,0.7086144,0.0,0.0,0.0
20220129_070606_SHELL_M55_6330430950,18.0924882,0.0,0.0,0.0
20220129_070640_SHELL_M55_6330430950,16.7967177,0.0,0.0,0.0
20220129_070713_SHELL_M55_6330430950,7.5278931,0.0,0.0,0.0
20220129_070742_SHELL_M55_6330430950,4.3358375,0.0,0.0,0.0
20220129_070810_SHELL_M55_6330430950,1.7447206,0.0,0.0,0.0
20220129_071259_SHELL_M55_6330431269,9.4898298,0.0,0.0,0.0
20220129_071333_SHELL_M55_6330431269,1.1365863,0.0,0.0,0.0
20220129_071407_SHELL_M55_6330431269,4.6548725,0.0,0.0,0.0
20220129_071434_SHELL_M55_6330431269,3.5511528,0.0,0.0,0.0
20220129_071503_SHELL_M55_6330431269,0.9277723999999999,0.0011112,0.0,0.0
20220129_071806_SHELL_M55_6320427316,16.7145828,0.0,0.0,0.0
20220129_071839_SHELL_M55_6320427316,20.5067507,0.0,0.0,0.0
20220129_071913_SHELL_M55_6320427316,4.7310155,0.0,0.0,0.0
20220129_071941_SHELL_M55_6320427316,4.1793905,0.0,0.0,0.0
20220129_072009_SHELL_M55_6320427316,1.9526648,0.0,0.0,0.0
20220129_072348_SHELL_M55_6320427664,11.2723033,0.0,0.0,0.0
20220129_072422_SHELL_M55_6320427664,18.6862939,0.0,0.0,0.0
20220129_072456_SHELL_M55_6320427664,4.7854588,0.0,0.0,0.0
20220129_072524_SHELL_M55_6320427664,2.4684182,0.0,0.0,0.0
20220129_072656_SHELL_M55_6320427664,1.763189,0.0,0.0,0.0
20220129_073856_SHELL_M55_6330431064,14.4050718,0.0,0.0,0.0
20220129_073930_SHELL_M55_6330431064,18.1722192,0.0,0.0,0.0
20220129_074003_SHELL_M55_6330431064,3.5863324,0.0006061,0.0044448,0.0
20220129_074032_SHELL_M55_6330431064,3.9857563,0.0,0.0,0.0
20220129_074100_SHELL_M55_6330431064,0.9430712,0.0,0.0,0.0
20220129_075605_SHELL_M55_6320427318,13.9493668,0.0,0.0,0.0
20220129_075639_SHELL_M55_6320427318,5.5113573,0.0,0.0,0.0
20220129_075713_SHELL_M55_6320427318,4.5247969,0.0,0.0,0.0
20220129_075741_SHELL_M55_6320427318,3.3803808,0.0,0.0,0.0
20220129_075809_SHELL_M55_6320427318,1.0539594,0.0,0.0,0.0
20220129_081511_SHELL_M55_6320427695,16.1784524,0.0,0.0,0.0
20220129_081545_SHELL_M55_6320427695,12.4428356,2.51e-05,0.0,0.0
20220129_081619_SHELL_M55_6320427695,3.8295006,0.0,0.0004569,0.0
20220129_081647_SHELL_M55_6320427695,2.8618623,0.0,0.0,0.0
20220129_081931_SHELL_M55_6320427695,0.8963776999999999,0.0,0.0,0.0
20220129_085227_SHELL_M55_6330431017,8.0766272,0.0,0.0,0.0
20220129_085251_SHELL_M55_6330431017,21.1974638,0.0,0.0,0.0
20220129_085315_SHELL_M55_6330431017,3.642883,0.0035715,0.0003571,0.0
20220129_085333_SHELL_M55_6330431017,2.4206262,0.0,0.0,0.0
20220129_085351_SHELL_M55_6330431017,1.0095186,0.0,0.0,0.0
20220129_090537_SHELL_M55_6320427800,15.5719416,0.0,0.0,0.0
20220129_090601_SHELL_M55_6320427800,10.3195818,0.0,0.0,0.0
20220129_090625_SHELL_M55_6320427800,5.0001261,0.0003536,0.0,0.0
20220129_090643_SHELL_M55_6320427800,2.6447353,0.0,0.0,0.0
20220129_090701_SHELL_M55_6320427800,1.0123746,0.0,0.0,0.0
20220129_091813_SHELL_M55_6320427805,8.8010185,0.0,0.0,0.0
20220129_091837_SHELL_M55_6320427805,23.6960096,0.0,0.0,0.0
20220129_091901_SHELL_M55_6320427805,6.5443146,0.0,0.0,0.0
20220129_091919_SHELL_M55_6320427805,3.5920397,0.0,0.0,0.0
20220129_091937_SHELL_M55_6320427805,1.8429188,0.0,0.0,0.0
20220129_093137_SHELL_M55_6320427345,18.0809209,0.0,0.0,0.0
20220129_093201_SHELL_M55_6320427345,15.4304181,0.0,0.0,0.0
20220129_093225_SHELL_M55_6320427345,4.4961283,0.0,0.0,0.0
20220129_093243_SHELL_M55_6320427345,2.5269203,0.0,0.0,0.0
20220129_093301_SHELL_M55_6320427345,2.4687566,0.0,0.0,0.0
20220129_094417_SHELL_M55_6330431476,10.0927615,0.0,0.0,0.0
20220129_094441_SHELL_M55_6330431476,15.9353186,0.0,0.0,0.0
20220129_094505_SHELL_M55_6330431476,5.9780962,0.0,0.0,0.0
20220129_094523_SHELL_M55_6330431476,3.6047426,0.0,0.0,0.0
20220129_094541_SHELL_M55_6330431476,1.5199493,0.0,0.0,0.0
20220129_095722_SHELL_M55_6320427435,11.4289769,0.0,0.0,0.0
20220129_095745_SHELL_M55_6320427435,6.808756,0.0,0.0,0.0
20220129_095809_SHELL_M55_6320427435,5.310301,0.0,0.0004294,0.0
20220129_095827_SHELL_M55_6320427435,4.2206599,0.0,0.0,0.0
20220129_095845_SHELL_M55_6320427435,0.9328173,0.0,0.0,0.0
20220129_101012_SHELL_M55_6330431056,8.1977882,0.0,0.0,0.0
20220129_101036_SHELL_M55_6330431056,13.7191563,0.0,0.0,0.0
20220129_101100_SHELL_M55_6330431056,5.3082482,0.0,0.0008122,0.0
20220129_101118_SHELL_M55_6330431056,4.7339192,0.0,0.0,0.0
20220129_101135_SHELL_M55_6330431056,1.2446191,0.0,0.0,0.0
20220129_102308_SHELL_M55_6330432632,6.9935393999999995,0.0,0.0,0.0
20220129_102332_SHELL_M55_6330432632,17.2442079,0.0,0.0,0.0
20220129_102356_SHELL_M55_6330432632,4.4272586,0.0,0.0,0.0
20220129_102708_SHELL_M55_6330432632,3.9545174,0.0,0.0,0.0
20220129_102726_SHELL_M55_6330432632,1.6001717,0.0,0.0,0.0
20220129_104151_SHELL_M55_6320427265,10.7844426,0.0,0.0,0.0
20220129_104215_SHELL_M55_6320427265,3.9157707000000004,0.0,0.0,0.0
20220129_104326_SHELL_M55_6320427265,3.1296696,0.0,0.0026903,0.0
20220129_104344_SHELL_M55_6320427265,3.6939409999999997,0.0,0.0,0.0
20220129_104401_SHELL_M55_6320427265,0.9444909,0.0,0.0,0.0
20220129_105905_SHELL_M55_6320427389,7.1479541,0.0,0.0,0.0
20220129_105929_SHELL_M55_6320427389,15.4233676,0.0,0.0,0.0
20220129_105953_SHELL_M55_6320427389,4.3573502,0.0019446,0.0,0.0
20220129_110011_SHELL_M55_6320427389,4.8234518,0.0,0.0,0.0
20220129_110029_SHELL_M55_6320427389,1.183604,0.0,0.0,0.0
20220129_111209_SHELL_M55_6320427701,8.5483665,0.0,0.0,0.0
20220129_111232_SHELL_M55_6320427701,14.0522386,0.0,0.0,0.0
20220129_111256_SHELL_M55_6320427701,4.8526403,0.0,0.0,0.0
20220129_111314_SHELL_M55_6320427701,3.9455261999999998,0.0,0.0,0.0
20220129_111332_SHELL_M55_6320427701,0.9205748,0.0,0.0,0.0
20220129_112438_SHELL_M55_6320427696,12.4967788,0.0,0.0,0.0
20220129_112501_SHELL_M55_6320427696,18.7891041,0.0,0.0,0.0
20220129_112525_SHELL_M55_6320427696,1.9874483,0.0,0.0,0.0
20220129_112543_SHELL_M55_6320427696,4.6110657,0.0,0.0,0.0
20220129_112601_SHELL_M55_6320427696,0.7765483,0.0,0.0,0.0
20220129_114153_SHELL_M55_6320427327,12.3730188,0.0,0.0,0.0
20220129_114216_SHELL_M55_6320427327,14.4196149,0.0,0.0,0.0
20220129_114240_SHELL_M55_6320427327,4.914213,0.0,0.0,0.0
20220129_114257_SHELL_M55_6320427327,5.2272078,0.0,0.0,0.0
20220129_114315_SHELL_M55_6320427327,0.9498252,0.0,0.0,0.0
20220129_115505_SHELL_M55_6320427667,5.7296484,0.0,0.0,0.0
20220129_115529_SHELL_M55_6320427667,6.6054361,7.5e-05,0.0,0.0
20220129_115552_SHELL_M55_6320427667,2.4850745,0.0,0.0021828999999999998,0.0
20220129_115610_SHELL_M55_6320427667,4.4037426,0.0,0.0,0.0
20220129_115627_SHELL_M55_6320427667,0.9703048000000001,0.0,0.0,0.0
20220129_120748_SHELL_M55_6330431067,15.7518268,0.0,0.0,0.0
20220129_120812_SHELL_M55_6330431067,10.9546199,0.0,0.0,0.0
20220129_120835_SHELL_M55_6330431067,4.2245937,0.0,0.0009899,0.0
20220129_120853_SHELL_M55_6330431067,2.5581633,0.0,0.0,0.0
20220129_120910_SHELL_M55_6330431067,1.1583501,0.0,0.0,0.0
20220129_122146_SHELL_M55_6320427222,14.2132768,0.0,0.0,0.0
20220129_122210_SHELL_M55_6320427222,24.1263954,0.0,0.0,0.0
20220129_122233_SHELL_M55_6320427222,4.5708238,0.0,0.0,0.0
20220129_122250_SHELL_M55_6320427222,2.0707907,0.0,0.0,0.0
20220129_122308_SHELL_M55_6320427222,1.2801012999999999,0.0,0.0,0.0
20220129_123707_SHELL_M55_6330430954,13.5406114,0.0,0.0,0.0
20220129_123732_SHELL_M55_6330430954,17.9379113,0.0,0.0,0.0
20220129_123756_SHELL_M55_6330430954,3.8570918,0.0022959,0.0,0.0
20220129_123814_SHELL_M55_6330430954,2.5293113,0.0,0.0,0.0
20220129_123833_SHELL_M55_6330430954,1.5657615,0.0,0.0,0.0
20220129_125019_SHELL_M55_6320427699,9.2614511,0.0,0.0,0.0
20220129_125044_SHELL_M55_6320427699,12.7100028,0.003081,0.0,0.0
20220129_125108_SHELL_M55_6320427699,4.3437633,0.0020204,0.0027527,0.0
20220129_125127_SHELL_M55_6320427699,3.8007611,0.0005076,0.0,0.0
20220129_125145_SHELL_M55_6320427699,0.79453,0.0,0.0,0.0
20220129_130414_SHELL_M55_6330431483,10.7465011,0.0,0.0,0.0
20220129_130438_SHELL_M55_6330431483,19.918983100000002,0.0,0.0,0.0
20220129_130502_SHELL_M55_6330431483,3.6244665,0.0001263,0.0030305,0.0
20220129_130521_SHELL_M55_6330431483,4.09,0.0,0.0,0.0
20220129_130539_SHELL_M55_6330431483,0.6136069,0.0,0.0,0.0
20220129_131714_SHELL_M55_6330431025,12.6311792,0.0,0.0,0.0
20220129_131738_SHELL_M55_6330431025,17.1306133,0.0,0.0,0.0
20220129_131803_SHELL_M55_6330431025,4.7145238,0.0,0.0,0.0
20220129_131821_SHELL_M55_6330431025,4.5044415,0.0,0.0,0.0
20220129_131840_SHELL_M55_6330431025,1.1523097,0.0,0.0,0.0
20220129_133007_SHELL_M55_6320427393,12.3831781,0.0,0.0,0.0
20220129_133228_SHELL_M55_6320427393,12.2333426,0.0,0.0,0.0
20220129_133252_SHELL_M55_6320427393,3.0507106,0.000202,0.0078542,0.0
20220129_133310_SHELL_M55_6320427393,4.4471573,0.0015736,0.0,0.0
20220129_133328_SHELL_M55_6320427393,0.7990462,0.0,0.0,0.0
20220129_135521_SHELL_M55_6330431055,10.8351173,0.0,0.0,0.0
20220129_135601_SHELL_M55_6330431055,16.110514,0.0,0.0,0.0
20220129_135639_SHELL_M55_6330431055,6.2216752,0.0,0.0088071,0.0
20220129_135733_SHELL_M55_6330431055,3.7946956,0.0,0.0,0.0
20220129_135809_SHELL_M55_6330431055,1.4753556,0.0,0.0,0.0
20220129_141243_SHELL_M55_6320427792,10.0778535,0.0,0.0,0.0
20220129_141305_SHELL_M55_6320427792,12.1930943,0.0007251,0.0,0.0
20220129_141326_SHELL_M55_6320427792,3.5366314,0.0,0.0003283,0.0
20220129_141342_SHELL_M55_6320427792,4.4318274,0.0,0.0,0.0
20220129_141358_SHELL_M55_6320427792,0.6358122,0.0,0.0,0.0
20220129_143411_SHELL_M55_6320427725,8.9546607,0.0,0.0,0.0
20220129_143432_SHELL_M55_6320427725,12.4436152,0.0,0.0,0.0
20220129_143453_SHELL_M55_6320427725,2.7435171,2.5e-05,5e-05,2.5e-05
20220129_143509_SHELL_M55_6320427725,3.9284287,0.0,0.0,0.0
20220129_143524_SHELL_M55_6320427725,0.6037325,0.0,0.0,0.0
20220129_145151_SHELL_M55_6320427225,6.6329039,0.0,0.0,0.0
20220129_145333_SHELL_M55_6320427225,21.079374,5.05e-05,0.0,0.0
20220129_145354_SHELL_M55_6320427225,5.1374619,0.0,0.0,0.0
20220129_145410_SHELL_M55_6320427225,3.6887561,0.0,0.0,0.0
20220129_145426_SHELL_M55_6320427225,1.3532993,0.0,0.0,0.0
20220129_150735_SHELL_M55_6330431068,10.8291633,0.0,0.0,0.0
20220129_150757_SHELL_M55_6330431068,4.6989498,0.0,0.0,0.0
20220129_150818_SHELL_M55_6330431068,3.2398919,0.0,0.0,0.0
20220129_150834_SHELL_M55_6330431068,3.1147714,0.0,0.0,0.0
20220129_150849_SHELL_M55_6330431068,0.7744778,0.0,0.0,0.0
20220129_152050_SHELL_M55_6320427669,16.9662911,0.0,0.0,0.0
20220129_152112_SHELL_M55_6320427669,21.7620428,0.0,0.0,0.0
20220129_152133_SHELL_M55_6320427669,3.8985968,0.0,0.0,0.0
20220129_152149_SHELL_M55_6320427669,5.0516497,0.0,0.0,0.0
20220129_152205_SHELL_M55_6320427669,1.341675,0.0,0.0,0.0
20220129_153340_SHELL_M55_6330431486,14.9562387,0.0,0.0,0.0
20220129_153401_SHELL_M55_6330431486,13.5373421,0.0,0.0,0.0
20220129_153423_SHELL_M55_6330431486,4.6840665999999995,0.0,0.0,0.0
20220129_153439_SHELL_M55_6330431486,4.1836296,0.0,0.0,0.0
20220129_153454_SHELL_M55_6330431486,0.7651086,0.0,0.0,0.0
20220129_154545_SHELL_M55_6330431283,8.0367137,0.0003052,0.0,0.0
20220129_154606_SHELL_M55_6330431283,21.4434339,0.0,0.0,0.0
20220129_154628_SHELL_M55_6330431283,3.4980206000000003,0.0001269,0.0,0.0
20220129_154644_SHELL_M55_6330431283,3.5715992,0.0,0.0,0.0
20220129_154700_SHELL_M55_6330431283,1.4043908,0.0,0.0,0.0
20220129_155827_SHELL_M55_6330430955,17.5525258,0.0,0.0,0.0
20220129_155848_SHELL_M55_6330430955,17.8724874,0.0,0.0,0.0
20220129_155910_SHELL_M55_6330430955,5.6725124,0.0,0.0,0.0
20220129_155925_SHELL_M55_6330430955,3.275939,0.0,0.0,0.0
20220129_155941_SHELL_M55_6330430955,1.628122,0.0,0.0,0.0
20220129_161050_SHELL_M55_6330431477,3.7155888,0.0,0.0,0.0
20220129_161112_SHELL_M55_6330431477,4.7171717,0.0,0.0,0.0
20220129_161133_SHELL_M55_6330431477,3.69,0.0,0.0006345,0.0
20220129_161149_SHELL_M55_6330431477,4.0968274,0.0,0.0,0.0
20220129_161205_SHELL_M55_6330431477,0.7486801,0.0,0.0,0.0
20220129_162433_SHELL_M55_6320427391,7.2007182,0.0,0.0,0.0
20220129_162554_SHELL_M55_6320427391,12.8202673,0.0,0.0,0.0
20220129_162616_SHELL_M55_6320427391,3.4784703,0.0021971,0.0,0.0
20220129_162703_SHELL_M55_6320427391,3.2921574000000002,0.0,0.0,0.0
20220129_162718_SHELL_M55_6320427391,0.921751,0.0,0.0,0.0
20220129_164315_SHELL_M55_6320427263,10.0576881,0.0,0.0,0.0
20220129_164337_SHELL_M55_6320427263,20.8402591,0.0,0.0,0.0
20220129_164358_SHELL_M55_6320427263,4.6548221,0.0010859,0.0,0.0
20220129_164414_SHELL_M55_6320427263,3.0655867,0.0,0.0,0.0
20220129_164429_SHELL_M55_6320427263,0.7706112,0.0,0.0,0.0
20220129_165510_SHELL_M55_6320427550,10.3456039,0.0,0.0,0.0
20220129_165531_SHELL_M55_6320427550,14.6128946,0.0,0.0,0.0
20220129_165553_SHELL_M55_6320427550,4.5442638,0.0,0.0002792,0.0
20220129_165728_SHELL_M55_6320427550,3.747132,0.0,0.0,0.0
20220129_165743_SHELL_M55_6320427550,0.5358671,0.0,0.0,0.0
20220129_171014_SHELL_M55_6320427223,5.0765535999999996,0.0,0.0,0.0
20220129_171036_SHELL_M55_6320427223,15.6007268,0.0,0.0,0.0
20220129_171057_SHELL_M55_6320427223,3.6113704,0.0,0.0,0.0
20220129_171113_SHELL_M55_6320427223,2.4899866999999998,0.0,0.0,0.0
20220129_171128_SHELL_M55_6320427223,0.9397461,0.0,0.0,0.0
20220129_172301_SHELL_M55_6320427396,6.624799,0.0,0.0,0.0
20220129_172611_SHELL_M55_6320427396,16.0408519,0.0,0.0,0.0
20220129_172633_SHELL_M55_6320427396,3.3053764,0.0,2.53e-05,0.0
20220129_172648_SHELL_M55_6320427396,4.4011675,0.0,0.0,0.0
20220129_172704_SHELL_M55_6320427396,0.8230967,0.0,0.0,0.0
20220129_173739_SHELL_M55_6320427387,16.8454334,0.0,0.0,0.0
20220129_173801_SHELL_M55_6320427387,16.633348,0.0,0.0,0.0
20220129_173823_SHELL_M55_6320427387,1.7929945999999999,0.0,0.0180203,0.0
20220129_173838_SHELL_M55_6320427387,3.3761446999999998,0.0,0.0,0.0
20220129_173854_SHELL_M55_6320427387,0.9458122,0.0,0.0,0.0
20220129_174918_SHELL_M55_6320427697,14.631627,0.0,0.0,0.0
20220129_174939_SHELL_M55_6320427697,16.8552355,0.0,0.0,0.0
20220129_175305_SHELL_M55_6320427697,2.712551,0.0,0.0,0.0
20220129_175321_SHELL_M55_6320427697,4.206193,0.0,0.0,0.0
20220129_175337_SHELL_M55_6320427697,0.8159893,0.0,0.0,0.0
20220129_180404_SHELL_M55_6330431065,10.8062296,0.0,0.0,0.0
20220129_180425_SHELL_M55_6330431065,14.1772603,0.0,0.0,0.0
20220129_180447_SHELL_M55_6330431065,4.1961673,0.0,0.0,0.0
20220129_180502_SHELL_M55_6330431065,3.6023773,0.0,0.0,0.0
20220129_180518_SHELL_M55_6330431065,1.2754821,0.0,0.0,0.0
20220129_181540_SHELL_M55_6320427399,7.4654049,0.0,0.0,0.0
20220129_181601_SHELL_M55_6320427399,10.9024309,0.0,0.0,0.0
20220129_181622_SHELL_M55_6320427399,5.1408121,0.0,0.007868,0.0
20220129_181637_SHELL_M55_6320427399,4.3255332,0.0,0.0,0.0
20220129_181653_SHELL_M55_6320427399,0.6147434,0.0,0.0,0.0
20220129_182744_SHELL_M55_6320427264,18.5371247,0.0,0.0,0.0
20220129_182805_SHELL_M55_6320427264,23.8432681,0.0,0.0,0.0
20220129_182826_SHELL_M55_6320427264,2.9051695,0.001793,0.0004041,0.0
20220129_182842_SHELL_M55_6320427264,3.9703006,0.0,0.0,0.0
20220129_182858_SHELL_M55_6320427264,0.7810913,0.0,0.0,0.0
20220129_183911_SHELL_M55_6320427262,7.982033,0.0,0.0,0.0
20220129_183933_SHELL_M55_6320427262,17.3639617,0.0,0.0,0.0
20220129_183954_SHELL_M55_6320427262,4.0493368,0.0,0.0,0.0
20220129_184010_SHELL_M55_6320427262,4.268808,0.0,0.0,0.0
20220129_184025_SHELL_M55_6320427262,1.8903704,0.0,0.0,0.0
20220129_185025_SHELL_M55_6320427226,0.0493468,0.0,0.0,0.0
20220129_185047_SHELL_M55_6320427226,9.2721746,0.0,0.0,0.0
20220129_185108_SHELL_M55_6320427226,2.6047681,0.0008587,0.0,0.0
20220129_185130_SHELL_M55_6320427226,3.4215472,0.0,0.0,0.0
20220129_185146_SHELL_M55_6320427226,4.0757615,0.0,0.0,0.0
20220129_185201_SHELL_M55_6320427226,0.8907615,0.0,0.0,0.0
20220129_190219_SHELL_M55_6330431061,13.9054083,0.0,0.0,0.0
20220129_190240_SHELL_M55_6330431061,13.7981218,0.0048477,0.0,0.0
20220129_190302_SHELL_M55_6330431061,6.249797,0.0,0.0,0.0
20220129_190317_SHELL_M55_6330431061,3.3699776,0.0,0.0,0.0
20220129_190555_SHELL_M55_6330431061,1.6724884,0.0,0.0,0.0
20220129_191628_SHELL_M55_6320427397,14.3791893,0.0,0.0,0.0
20220129_191650_SHELL_M55_6320427397,17.4960219,0.0,0.0,0.0
20220129_191711_SHELL_M55_6320427397,3.3603807,0.0,0.0006091,0.0
20220129_191727_SHELL_M55_6320427397,3.9917767,0.0,0.0,0.0
20220129_191743_SHELL_M55_6320427397,0.5991625,0.0,0.0,0.0
20220129_192807_SHELL_M55_6320427427,12.827095,0.0,0.0,0.0
20220129_192828_SHELL_M55_6320427427,18.1360451,0.0,0.0,0.0
20220129_192850_SHELL_M55_6320427427,2.4040305,0.0,0.0003316,0.0
20220129_192905_SHELL_M55_6320427427,3.5181238,0.0,0.0,0.0
20220129_192921_SHELL_M55_6320427427,1.5314468,0.0,0.0,0.0
20220129_193942_SHELL_M55_6320427313,3.6173942,0.0,0.0,0.0
20220129_194003_SHELL_M55_6320427313,15.258894,0.0,0.0,0.0
20220129_194025_SHELL_M55_6320427313,4.2494134,0.0,0.0002296,0.0
20220129_194040_SHELL_M55_6320427313,3.3430964,0.0,0.0,0.0
20220129_194056_SHELL_M55_6320427313,1.3572744,0.0,0.0,0.0
20220129_195156_SHELL_M55_6330431032,10.9801215,0.0,0.0,0.0
20220129_195217_SHELL_M55_6330431032,15.2411794,0.0,0.0,0.0
20220129_195239_SHELL_M55_6330431032,2.914388,0.0,0.0,0.0
20220129_195254_SHELL_M55_6330431032,2.199337,0.0,0.0,0.0
20220129_195310_SHELL_M55_6330431032,1.3775792,0.0,0.0,0.0
20220129_200336_SHELL_M55_6330431022,16.7991318,0.0002113,0.0,0.0
20220129_200358_SHELL_M55_6330431022,14.6237991,0.0,0.0,0.0
20220129_200419_SHELL_M55_6330431022,4.5065032,0.0,0.0018688,0.0
20220129_200435_SHELL_M55_6330431022,4.184029,0.0,0.0,0.0
20220129_200451_SHELL_M55_6330431022,0.8315227,0.0,0.0,0.0
20220129_201508_SHELL_M55_6320427224,16.4283321,0.0,0.0,0.0
20220129_201606_SHELL_M55_6320427224,2.261043,0.0090708,0.0,0.0001759
20220129_201627_SHELL_M55_6320427224,2.7813011,0.0,0.0004847,0.0
20220129_201643_SHELL_M55_6320427224,1.9188751,0.0023606,0.0,0.0
20220129_201659_SHELL_M55_6320427224,1.1490103,0.0,0.0,0.0
20220129_202717_SHELL_M55_6330431027,11.3695739,0.0,0.0,0.0
20220129_202739_SHELL_M55_6330431027,10.489274,5e-05,0.0,0.0
20220129_202800_SHELL_M55_6330431027,4.4905422,0.0,0.0022729,0.0
20220129_202816_SHELL_M55_6330431027,2.2927547,0.0,0.0,0.0
20220129_202832_SHELL_M55_6330431027,0.9758374,0.0,0.0,0.0
20231011_122900_SHELL_M55_6320427320,8.6204262,0.0007549,0.0,0.0
20231011_122928_SHELL_M55_6320427320,19.5199883,0.0,0.0,0.0
20231011_122957_SHELL_M55_6320427320,2.3319231,0.0,0.0017179,5.13e-05
20231011_123020_SHELL_M55_6320427320,2.0621826,0.0,0.0,0.0
20231011_123043_SHELL_M55_6320427320,0.6300735,0.0,0.0,0.0
20231011_124728_SHELL_M55_6320427254,12.3521334,0.0,0.0,0.0
20231011_124757_SHELL_M55_6320427254,19.641568499999998,0.0,0.0,0.0
20231011_124825_SHELL_M55_6320427254,1.8690564,0.0,0.0009842000000000002,0.0
20231011_124848_SHELL_M55_6320427254,1.5451934,0.0,0.0,0.0
20231011_124911_SHELL_M55_6320427254,0.33307559999999997,0.0,0.0,0.0
