identifier_defect,Measurement_DateTime,square,ring,crack,bright_crack,hotspot,gridline_darkening,near_busbar,shattered
20220114_094014_SHELL_M55_6320427793,2022-01-14 09:40:14,0.9721271016666666,0.004471616133333333,0.025117696633333336,0.008044466617777779,0.05393406521277778,0.0010805123752777777,0.0008221143675,0.00029908340944444445
20220114_100548_SHELL_M55_6330431470,2022-01-14 10:05:48,0.967098341388889,0.003361168661111111,0.019376939897222223,0.007433990286111112,0.05424323831261111,0.0008757643944444445,0.0007194336591666667,0.00028163058027777776
20220114_101208_SHELL_M55_6330431284,2022-01-14 10:12:08,0.9553042477777777,0.011607759727777778,0.021908309058333336,0.007910868311666666,0.055324678079333334,0.0010813396980555556,0.0007828636555555555,0.00030276672036111114
20220114_103746_SHELL_M55_6320427433,2022-01-14 10:37:46,0.9641289519444444,0.014304564455277776,0.019402726536111112,0.00871672465,0.048477194143055555,0.0012574924872222222,0.0007741030497222223,0.0003015499348333333
20220114_110134_SHELL_M55_6330431018,2022-01-14 11:01:34,0.9730547422222222,0.005058614405555556,0.0206165303,0.008221261556944444,0.05332550364844444,0.000998971115,0.0008274173913888889,0.00029158843402777776
20220114_112417_SHELL_M55_6320427401,2022-01-14 11:24:17,0.9664245344444444,0.004140290030555555,0.021674301536111114,0.007225632525000001,0.05485024924861111,0.0011686740324999998,0.0008054861097222223,0.0002691795013888889
20220114_112828_SHELL_M55_6320427227,2022-01-14 11:28:28,0.9680173647222223,0.005307427511111112,0.02073765536388889,0.008359888300833333,0.05471889313638889,0.0010676760330555557,0.0007818672861111111,0.00029737443341666664
20220114_113254_SHELL_M55_6320427227,2022-01-14 11:32:54,0.9649316119444445,0.003059626101388889,0.026653904250000002,0.007244750070555556,0.05544361315666666,0.0011190110344444443,0.0007747656036111111,0.00027338028166666665
20220114_113523_SHELL_M55_6330431487,2022-01-14 11:35:23,0.9691943969444444,0.005077799436111111,0.018118493483333335,0.006941588348333334,0.05413801748561112,0.001002984733611111,0.0006513311291666666,0.00025846373305555556
20220114_120703_SHELL_M55_6320427763,2022-01-14 12:07:03,0.9648453105555556,0.008974394169444445,0.014048198902777777,0.011401113425555555,0.05438415965083333,0.0019033809658333335,0.0008627252022222222,0.0003251738588888889
20220114_121159_SHELL_M55_6330431058,2022-01-14 12:11:59,0.974883726388889,0.005642014463888889,0.020453285383333335,0.007258813969444444,0.053675710312805554,0.0013332673911111111,0.0006870825911111111,0.00027656298605555557
20220114_121433_SHELL_M55_6330431058,2022-01-14 12:14:33,0.9646812952777777,0.002944821238888889,0.0201781063,0.008184842546944444,0.05510397714608333,0.0008328201661111112,0.0006558950652777777,0.00025442658105555554
20220114_122215_SHELL_M55_6320427664,2022-01-14 12:22:15,0.9428205747222224,0.03722501716111112,0.020684837722222224,0.010904197884722223,0.05110596901555556,0.0015498098947222222,0.0009641322566666668,0.00032230074372222224
20220114_123137_SHELL_M55_6320427802,2022-01-14 12:31:37,0.9770835430555554,0.006171873986111111,0.02706838961111111,0.011188024483333333,0.04456117696638889,0.001185128233611111,0.0008145060283333333,0.00034119697611111115
20220114_130539_SHELL_M55_6320427549,2022-01-14 13:05:39,0.9686193350000001,0.003671154483333333,0.026778627,0.008739893219444444,0.05469688232611111,0.0011678738830555556,0.0008563290127777778,0.0002929571952777778
20220114_130808_SHELL_M55_6320427549,2022-01-14 13:08:08,0.977676915,0.004433744845833334,0.019755037647222223,0.008264476748888888,0.051270381139722224,0.0010523747275000001,0.0007261377425,0.0002858146052777778
20220114_131149_SHELL_M55_6330431482,2022-01-14 13:11:49,0.9702225877777777,0.004408748647222222,0.021494449444444445,0.00786428230388889,0.053517048195555555,0.001362690613888889,0.0008252677416666666,0.0002883277870277778
20220114_132936_SHELL_M55_6330431269,2022-01-14 13:29:36,0.9597168586111111,0.016846890583333333,0.02644829272777778,0.00846102102,0.05414901253361111,0.0014205152027777777,0.0009995488241666666,0.0003005006961111111
20220114_133224_SHELL_M55_6320427445,2022-01-14 13:32:24,0.9726716772222223,0.0041876681500000006,0.017688675833333334,0.007971634449166666,0.05326682681305556,0.0007789344183333333,0.000656850296388889,0.00026115390091666665
20220114_133520_SHELL_M55_6330432686,2022-01-14 13:35:20,0.9630090761111111,0.007114221047222222,0.022384641233333332,0.008756929986388889,0.05510457197055556,0.0011423186977777776,0.0008400245458333334,0.00030137970944444444
20220114_133758_SHELL_M55_6330431271,2022-01-14 13:37:58,0.9671993230555554,0.005259691463888889,0.019513783541666666,0.0079641147575,0.053993269162777774,0.0009867258080555556,0.0007768652216666666,0.00029000912297222223
20220114_135612_SHELL_M55_6320427721,2022-01-14 13:56:12,0.9533307025000001,0.00661392656388889,0.021984590016666666,0.0083653463325,0.05556777719722223,0.0009731310455555557,0.0008075729991666667,0.00028904367083333333
20220114_135849_SHELL_M55_6330431036,2022-01-14 13:58:49,0.9634392547222222,0.007717302764444444,0.018581449433333334,0.008165579515,0.05440665515027778,0.000985130151388889,0.0007365823508333334,0.00029440212749999996
20220114_140128_SHELL_M55_6320427403,2022-01-14 14:01:28,0.9760063997222223,0.004937695245277778,0.020986327580555558,0.008346527267777779,0.0518495330625,0.0011395311575,0.0006272763022222223,0.0002640816180555555
20220114_140403_SHELL_M55_6330430951,2022-01-14 14:04:03,0.9843898177777777,0.006171349183333333,0.021099108505555558,0.009238040436111112,0.043517248179111116,0.0009612909427777778,0.0006605726722222222,0.00029887569877777776
20220114_140643_SHELL_M55_6330431040,2022-01-14 14:06:43,0.9658131191666666,0.0048863590869444445,0.019363357333333334,0.008679440930555555,0.05434253052683333,0.0011363771452777777,0.0006712613277777778,0.0002820205663888889
20220114_140908_SHELL_M55_6330431028,2022-01-14 14:09:08,0.9644785986111111,0.0065539765222222225,0.021834227697222222,0.008933099782222223,0.054500534845277775,0.0012577244730555557,0.0009114834333333333,0.0003187624661111111
20220114_141143_SHELL_M55_6320427663,2022-01-14 14:11:43,0.9675799541666668,0.003216058886111111,0.021090219152777777,0.008370399536111111,0.05396271375,0.0010546375444444444,0.0007176406097222222,0.00029160833175000003
20220114_141428_SHELL_M55_6320427665,2022-01-14 14:14:28,0.9627199433333333,0.004504785119444445,0.022077289441666665,0.008083064290833334,0.05513203705,0.0008878727655555555,0.0006863239183333334,0.0002802140143055556
20220114_141706_SHELL_M55_6320427333,2022-01-14 14:17:06,0.9664915397222222,0.003292391533333333,0.019703173397222225,0.00790497148388889,0.0546912549138889,0.0010393071841666667,0.0006920352722222223,0.0002867448791666667
20220114_144542_SHELL_M55_6320427722,2022-01-14 14:45:42,0.9709712433333334,0.0038518461166666667,0.023773163069444447,0.008224496682777778,0.05441839784388888,0.0011141642005555556,0.0008198114491666667,0.00026889720111111115
20220114_150422_SHELL_M55_6330431484,2022-01-14 15:04:22,0.9662855463888889,0.0057439809630555555,0.018253004277777776,0.007764259280555556,0.054523931743222225,0.0012686803425,0.0008073806405555555,0.00026815910361111114
20220114_152416_SHELL_M55_6330431024,2022-01-14 15:24:16,0.9701464141666667,0.0042594474499999995,0.017598788041666667,0.008321025711111112,0.05395173124783333,0.001128755583611111,0.000778997946111111,0.00030225859638888887
20220114_152618_SHELL_M55_6320427258,2022-01-14 15:26:18,0.9674467986111112,0.006497675333333333,0.017876585669444445,0.008458058417777779,0.054239173365722225,0.0009183347250000001,0.0005928114116666667,0.00025943213472222223
20220114_154550_SHELL_M55_6320427218,2022-01-14 15:45:50,0.9654787747222221,0.006112322594444445,0.024434365558333334,0.009287332380555556,0.05440363289722222,0.001221637306111111,0.0009283146436111111,0.0003307309858333333
20220114_154829_SHELL_M55_6320427668,2022-01-14 15:48:29,0.9673694636111111,0.007840314479444445,0.018645008747222223,0.009264298211111112,0.053667733259333335,0.0010793722794444445,0.0007753537077777778,0.00029585389769444444
20220114_161117_SHELL_M55_6320427804,2022-01-14 16:11:17,0.9794415680555555,0.006194685530555555,0.020118620091666664,0.008607566708333333,0.045973867125277776,0.001425939268611111,0.000873537978888889,0.0003098964077777778
20220114_163046_SHELL_M55_6330430950,2022-01-14 16:30:46,0.965556161111111,0.004937812788888889,0.026802374875,0.008892835344444443,0.054854305966388885,0.0012561541077777778,0.0008049852555555556,0.00030646674222222224
20220124_150504_SHELL_M55_6330431282,2022-01-24 15:05:04,0.9674035958333334,0.011159180216666667,0.07340443491111111,0.014712475377777777,0.06275296713972223,0.002423356972222222,0.003443806485,0.00029142829277777776
20220124_150914_SHELL_M55_6320427718,2022-01-24 15:09:14,0.9776439691666666,0.006665829906944445,0.05914793430555555,0.014114146578333332,0.029209855468500006,0.0016437155672222221,0.0022062308163888888,0.0003594960396111111
20220124_151220_SHELL_M55_6330431031,2022-01-24 15:12:20,0.9765797108333333,0.003673223791666667,0.07593006230555556,0.009767024958333334,0.05109417019944445,0.0015179851841666666,0.0026839825772222224,0.00025614019844444444
20220124_160036_SHELL_M55_6320427719,2022-01-24 16:00:36,0.9708479172222222,0.0073481041416666665,0.08986344124722222,0.010996283887777777,0.05887289395627778,0.0017660478325000001,0.0026852597372222222,0.00023298894147222223
20220124_160354_SHELL_M55_6320427257,2022-01-24 16:03:54,0.9760637608333335,0.004081811561111111,0.06340700606666666,0.009201919190277777,0.05771511679683334,0.0017602181513888889,0.0023452843802777776,0.00024276426655555556
20220124_160632_SHELL_M55_6330431041,2022-01-24 16:06:32,0.9712616547222223,0.004216444016666667,0.09294406738888888,0.011584654892777777,0.06125190927036111,0.0015796789680555556,0.0025543146913888887,0.00023323701919444444
20220124_161011_SHELL_M55_6320427673,2022-01-24 16:10:11,0.9774575600000001,0.0053093192416666666,0.08460756466111112,0.013888560832777778,0.05437972758572222,0.0017730984144444443,0.0024427624447222224,0.00021377079825
20220124_161606_SHELL_M55_6330430948,2022-01-24 16:16:06,0.9757547336111111,0.004494586761944444,0.07466253896388889,0.009743737132222222,0.06347949768177778,0.0016346156544444445,0.0026470075655555553,0.00021122317977777778
20220124_161921_SHELL_M55_6320427553,2022-01-24 16:19:21,0.975516325,0.0039051505872222223,0.08328975278055556,0.009160089464444444,0.06364005301888889,0.0013861350333333334,0.002345032526111111,0.00021902140186111114
20220124_162220_SHELL_M55_6320427551,2022-01-24 16:22:20,0.9795534499999999,0.0025670915280555555,0.0857488381388889,0.00776533503111111,0.06343444143552777,0.0013998072361111112,0.0024366596658333332,0.00015781809086111111
20220124_162524_SHELL_M55_6330431066,2022-01-24 16:25:24,0.9757190233333333,0.0035894818033333337,0.05950078743611112,0.008755633306944444,0.048454488291222224,0.0015385210080555555,0.0018769565830555554,0.00020893603616666667
20220124_162852_SHELL_M55_6320427724,2022-01-24 16:28:52,0.9645415291666666,0.003547838757222222,0.07171591614444445,0.008439064579722221,0.07738774653602778,0.0013507012555555556,0.002284644109444444,0.00019147102563888888
20220124_163220_SHELL_M55_6330431043,2022-01-24 16:32:20,0.959976813888889,0.0055122116175,0.08851536155277778,0.013720909752222224,0.07418139845822222,0.0018123442791666668,0.0031266567319444445,0.00026492831575
20220124_163524_SHELL_M55_6330431019,2022-01-24 16:35:24,0.9811347775,0.0026639996294444443,0.04531518488888889,0.005526053626388889,0.03748267412305555,0.001672286465,0.00555469838,0.00023289760944444446
20220124_164223_SHELL_M55_6330431023,2022-01-24 16:42:23,0.979005321111111,0.002662366311111111,0.039884417675,0.005133655595,0.040610472078527776,0.0017152823713888889,0.006463589442777778,0.0002025014408611111
20220124_164837_SHELL_M55_6330432606,2022-01-24 16:48:37,0.9821103311111111,0.0019226115461111113,0.06378225663055555,0.0063998148255555555,0.04991464473594445,0.0010487882266666667,0.0020256060277777776,0.00021273061261111112
20220124_165129_SHELL_M55_6320427720,2022-01-24 16:51:29,0.9716894166666665,0.005128713738888889,0.09023248830555557,0.010728853296111111,0.054120909767777774,0.0017986037536111112,0.0025741869172222222,0.00025152011577777775
20220124_165425_SHELL_M55_6330430956,2022-01-24 16:54:25,0.9752597741666666,0.006991815661111112,0.08381087305555555,0.014293396614,0.04332482624555556,0.0020065050019444446,0.0028886571527777776,0.00029658272674999996
20220126_100319_SHELL_M55_6320427440,2022-01-26 10:03:19,0.9717453941666666,0.003077338225,0.10158343230555555,0.01211062118,0.055623061428333335,0.0017027904758333333,0.0009680181083333334,0.00025580099861111116
20220126_101202_SHELL_M55_6320427398,2022-01-26 10:12:02,0.978815336388889,0.0029544456455555556,0.056059625230555556,0.008508447406666668,0.04865926412943333,0.0012056259419444444,0.0016175732727777778,0.00016755284433333332
20220126_101452_SHELL_M55_6320427231,2022-01-26 10:14:52,0.990521915,0.003166794961111111,0.045303426083333334,0.007646517813888889,0.027561332182777776,0.0010571980005555555,0.0022034495375,0.00022282247166666668
20220126_101710_SHELL_M55_6330430948,2022-01-26 10:17:10,0.9898266216666668,0.0031182280225,0.051559012361111115,0.008609686783333332,0.028044740059722222,0.0010498340177777779,0.0028847111530555555,0.0002188940413888889
20220126_101844_SHELL_M55_6330431026,2022-01-26 10:18:44,0.9925929486111111,0.0019460331841666667,0.03986874643611111,0.005049046983333334,0.018477870530833333,0.0010136088680555556,0.0032006244991666668,0.00023442553555555554
20220126_102034_SHELL_M55_6320427276,2022-01-26 10:20:34,0.9911951097222222,0.002406745447222222,0.05381456080555555,0.007294229021388888,0.027391490363194444,0.0009984502555555556,0.002035439722222222,0.0002510810395833333
20220126_102200_SHELL_M55_6320427323,2022-01-26 10:22:00,0.9902199508333334,0.0020970295386111113,0.06512668819444445,0.007592597305555555,0.025538252626944445,0.0011239490994444444,0.0026141156508333336,0.00025721544416666665
20220126_102338_SHELL_M55_6330430949,2022-01-26 10:23:38,0.9882449755555557,0.0036038100375,0.0462078925,0.008235671716666665,0.02514945607788889,0.0013223223072222222,0.0021447692330555557,0.00022864989794444443
20220126_102355_SHELL_M55_6330430949,2022-01-26 10:23:55,0.9895947391666667,0.0038886645622222223,0.04801125575,0.008966899608333334,0.020981568565,0.0017378509394444445,0.0027951568308333336,0.00024102214194444445
20220126_102513_SHELL_M55_6320427432,2022-01-26 10:25:13,0.9917395847222222,0.0026264219983333334,0.04368317575,0.007442946644444445,0.028041591979416667,0.0008277938691666667,0.0018097679794444445,0.00021473092041666666
20220126_102638_SHELL_M55_6330431111,2022-01-26 10:26:38,0.9913530213888888,0.0027939190119444443,0.06242112652777777,0.007369651758888889,0.02779426174022222,0.0009994709399999998,0.002560339517222222,0.00020915357416666667
20220126_102758_SHELL_M55_6330432695,2022-01-26 10:27:58,0.9935500294444446,0.0021283253869444443,0.037215375249999995,0.007158339908333333,0.025010840801555554,0.0008020588425,0.0021189153975,0.0002004516617777778
20220126_103132_SHELL_M55_6320427306,2022-01-26 10:31:32,0.9900495802777777,0.002544616421388889,0.050867644999999996,0.008194586658333333,0.028543614205555554,0.0011633535366666666,0.0033158776497222223,0.00024657851516666666
20220126_103347_SHELL_M55_6320427400,2022-01-26 10:33:47,0.9921013244444445,0.0018414433158333333,0.041094025388888886,0.006958415998333333,0.027985842022666668,0.0007280243655555556,0.0016386992319444443,0.0001727400237777778
20220126_103536_SHELL_M55_6320427340,2022-01-26 10:35:36,0.9903873158333334,0.0016666685299999999,0.04081418027777778,0.005607628155555555,0.029782677265444448,0.0007062338366666666,0.0013880234494444445,0.00015887460294444444
20220126_103656_SHELL_M55_6320427439,2022-01-26 10:36:56,0.9904658566666666,0.0019593093319444444,0.053513870972222224,0.006156217744444445,0.025745692283805556,0.0008401489091666666,0.0019717177325,0.00014860072725
20220126_103840_SHELL_M55_6330431039,2022-01-26 10:38:40,0.9916524113888888,0.003466694161111111,0.05745900658333333,0.011768973572222223,0.0202689706825,0.0011365018697222222,0.002315441026111111,0.00024703058655555556
20220126_103951_SHELL_M55_6320427436,2022-01-26 10:39:51,0.9922049425,0.0032784398799999997,0.046963197250000005,0.010735819391666667,0.017989020898166667,0.001012745629722222,0.0016124959986111112,0.0002094110133611111
20220126_104111_SHELL_M55_6330431037,2022-01-26 10:41:11,0.9902883166666666,0.004356329256944445,0.049942658555555554,0.009888866158333334,0.019345561842611114,0.0012923224388888888,0.0027653461130555555,0.00023573046988888892
20220126_104235_SHELL_M55_6330431479,2022-01-26 10:42:35,0.98516162,0.0028442161980555556,0.05522778208333333,0.006152708452777778,0.034310698995,0.0011229796844444443,0.003494879405,0.00019275847955555557
20220126_104352_SHELL_M55_6320427552,2022-01-26 10:43:52,0.986760316388889,0.0028614648016666664,0.04422315983333333,0.006633659730555555,0.027582874334,0.0009915356455555556,0.0021958392397222223,0.00016753482644444445
20220126_104511_SHELL_M55_6320427255,2022-01-26 10:45:11,0.9852433597222223,0.003879787049444444,0.04751774508333333,0.00718270445,0.03018124295013889,0.0009601882225,0.0046901075666666665,0.00021032212666666667
20220126_104633_SHELL_M55_6320427806,2022-01-26 10:46:33,0.9848006791666667,0.0035927762472222225,0.05716508486111111,0.008660524194444444,0.033789021478055556,0.0010694742544444446,0.004997268252222222,0.0002207171435
20220126_104757_SHELL_M55_6330431469,2022-01-26 10:47:57,0.9906943458333333,0.002399183156388889,0.053113843263888884,0.00833580185,0.028433228907194446,0.0009242188291666666,0.0019878390541666667,0.00018831176222222222
20220126_104912_SHELL_M55_6320427662,2022-01-26 10:49:12,0.9921470972222222,0.0023498056161111113,0.052528879361111114,0.007116918794444444,0.022538126921722225,0.0010030079202777778,0.0026375893241666667,0.00017415716094444444
20220126_105045_SHELL_M55_6320427261,2022-01-26 10:50:45,0.9867351419444444,0.0035169670661111107,0.05011132280555555,0.009149509095833334,0.03531315974430556,0.0011342415302777779,0.002898727236388889,0.00021773337016666664
20220126_105241_SHELL_M55_6330431057,2022-01-26 10:52:41,0.9893447666666666,0.0031772874091666667,0.04585599005555555,0.007227246452777777,0.02557994821527778,0.0010435033519444444,0.0031878289583333335,0.0002107206353888889
20220126_105413_SHELL_M55_6320427388,2022-01-26 10:54:13,0.9871060405555555,0.0033280781894444444,0.054436014972222224,0.008146127436111112,0.03027316390722222,0.001249945151388889,0.0028320634261111114,0.0002055105623611111
20220126_105600_SHELL_M55_6320427428,2022-01-26 10:56:00,0.9884655916666666,0.002450605562222222,0.053369252444444445,0.006379460247222222,0.028352520159638888,0.0010738465133333334,0.0030090524644444446,0.0001605592426388889
20220126_105859_SHELL_M55_6330431487,2022-01-26 10:58:59,0.9889447655555555,0.003716619702777778,0.06434135566666667,0.007916156161111111,0.028549536812777776,0.0011513492469444444,0.004020972059722222,0.00017714493222222222
20220126_110544_SHELL_M55_6330431470,2022-01-26 11:05:44,0.9921425069444444,0.0022373733805555554,0.03652322655555555,0.006978974594444445,0.02024913008672222,0.0009542120383333334,0.0019070145886111109,0.00018240724794444445
20220126_110811_SHELL_M55_6320427663,2022-01-26 11:08:11,0.9905567933333335,0.0017812435547222222,0.052298138555555554,0.005643943772222222,0.027043673708611115,0.000935575925,0.0028334830136111113,0.00016433993433333336
20220126_111104_SHELL_M55_6330431040,2022-01-26 11:11:04,0.9895090463888889,0.002237842395,0.050836563305555554,0.008222351708333332,0.03442998027094444,0.0009427352683333333,0.0017118704974999998,0.0001864150148611111
20220126_111253_SHELL_M55_6320427763,2022-01-26 11:12:53,0.9936671411111111,0.003857914622222222,0.048529505861111114,0.007701050563888889,0.0028330578031666664,0.0012346729908333334,0.0018511437705555555,0.00020842559591666666
20220126_111546_SHELL_M55_6320427401,2022-01-26 11:15:46,0.9887260377777777,0.001849195528888889,0.04980714866666666,0.005802013008333333,0.02979574866488889,0.0009248191872222222,0.0029090924805555557,0.00016160465452777777
20220126_111716_SHELL_M55_6330431490,2022-01-26 11:17:16,0.9884792,0.0026149366199999997,0.05315134591666667,0.006750017446111111,0.02759967077675,0.0009794996575,0.0025121459133333334,0.00020497096569444445
20220126_111944_SHELL_M55_6320427227,2022-01-26 11:19:44,0.9934200105555556,0.0019018857500000001,0.07089340027777778,0.007136169597222222,0.0136849504525,0.001054984981111111,0.0021450791280555556,0.0001867465773888889
20220126_112145_SHELL_M55_6320427665,2022-01-26 11:21:45,0.9889807186111111,0.002231965979166667,0.05067827141666667,0.008013604757222223,0.02878848743363889,0.0009630611719444444,0.0026315971052777777,0.00017946432119444444
20220126_112347_SHELL_M55_6330431028,2022-01-26 11:23:47,0.9915200991666667,0.002230835037777778,0.058703361611111116,0.0065175933972222225,0.018991785191,0.0009877599208333334,0.0023029148091666665,0.0001843565787777778
20220126_112514_SHELL_M55_6320427316,2022-01-26 11:25:14,0.9936023891666667,0.0026220927,0.05071658438888889,0.007074615133333333,0.004078826558611111,0.0010029340508333334,0.0014286043436111111,0.00019188190305555555
20220126_112708_SHELL_M55_6320427664,2022-01-26 11:27:08,0.9948386522222221,0.0022181244994444443,0.055395946555555554,0.0097702356675,0.018896928056666665,0.0009987548066666668,0.001877112571111111,0.00019035910541666666
20220126_112845_SHELL_M55_6330431058,2022-01-26 11:28:45,0.9906176766666667,0.00555352678888889,0.038433356083333335,0.008280424863888889,0.015940231070944444,0.0012780466783333334,0.0025431130366666667,0.00018733111683333334
20220126_113013_SHELL_M55_6320427722,2022-01-26 11:30:13,0.9889701597222221,0.0024186359555555554,0.053294177194444445,0.008953985619444445,0.028629529797916664,0.001143869016388889,0.0040456124925,0.00022660245705555558
20220126_113229_SHELL_M55_6320427333,2022-01-26 11:32:29,0.9922011294444444,0.002089873542777778,0.035281498555555554,0.0059129111055555555,0.02027178046158333,0.0007340947391666667,0.0014751813808333333,0.00011660171133333335
20220126_113429_SHELL_M55_6330431269,2022-01-26 11:34:29,0.9887456236111112,0.0023181266991666666,0.05113183541666667,0.005735898257222222,0.02842790905333333,0.0010333253700000001,0.003381657651388889,0.0002071136036111111
20220126_113607_SHELL_M55_6320427392,2022-01-26 11:36:07,0.9892186225,0.002066702051111111,0.04105512777777778,0.008317824425,0.026380187281416664,0.0009495025222222222,0.001926409516388889,0.00021261437452777776
20220126_113809_SHELL_M55_6320427549,2022-01-26 11:38:09,0.9891318652777777,0.0020990452794444445,0.057070903180555556,0.008548837084722222,0.030517430574027775,0.0009923410530555555,0.001967025615,0.00020046773222222222
20220126_113959_SHELL_M55_6320427445,2022-01-26 11:39:59,0.9919659605555555,0.0018045552116666666,0.05738049616666666,0.0074013123416666665,0.02368905028377778,0.000976480033611111,0.002391774514722222,0.00018210950780555554
20220126_114207_SHELL_M55_6330431033,2022-01-26 11:42:07,0.9869965416666666,0.0022961595258333333,0.05289515602777778,0.006319350754444444,0.02736919631727778,0.0010233679491666668,0.002447164593611111,0.00019771270013888888
20220126_114347_SHELL_M55_6330431036,2022-01-26 11:43:47,0.987564758888889,0.0022384813233333333,0.05318794159444444,0.005799374618888889,0.029623611435694443,0.0009796148522222222,0.0028207760230555554,0.00016691320863888889
20220126_114548_SHELL_M55_6330430951,2022-01-26 11:45:48,0.9895368827777777,0.002006806061111111,0.047139628777777776,0.00689163415,0.029225887840972225,0.0010057686447222222,0.00228255805,0.00017337488016666667
20220126_114729_SHELL_M55_6320427403,2022-01-26 11:47:29,0.9894699280555554,0.0033662062794444446,0.04117497997222222,0.009232339445555555,0.027468988801305556,0.0010481660180555556,0.001772004242222222,0.00021201295166666667
20220126_114915_SHELL_M55_6320427721,2022-01-26 11:49:15,0.9894443513888889,0.0021599862047222223,0.05025803319444445,0.007169200363888888,0.028328927095416664,0.0011850346183333333,0.0032298181900000003,0.0002359094046111111
20220126_115046_SHELL_M55_6330431024,2022-01-26 11:50:46,0.9899161638888889,0.0017883204669444444,0.05164943825,0.007691251086111111,0.022376312647055554,0.0008992790608333333,0.0013356892055555554,0.00019844927055555556
20220126_115220_SHELL_M55_6330431018,2022-01-26 11:52:20,0.9927509263888888,0.002548814063888889,0.05139935733333333,0.007726093280555556,0.023777794374000003,0.0009674009619444444,0.0016907280358333333,0.00019801096527777778
20220126_115418_SHELL_M55_6330431271,2022-01-26 11:54:18,0.9868983299999999,0.002544784248333333,0.05575754783333334,0.006273386392777778,0.028186526555277775,0.0011852805947222224,0.0031617912591666666,0.00018079112524999998
20220126_115551_SHELL_M55_6330431482,2022-01-26 11:55:51,0.9882445325,0.0038819375138888887,0.0513056675,0.006644583258333333,0.02597981718638889,0.0011107086275,0.003013898596388889,0.0002230402188888889
20220126_115737_SHELL_M55_6320427802,2022-01-26 11:57:37,0.9889036972222223,0.003827298013888889,0.05294241275,0.010661094525,0.014332280431055555,0.0013955466138888888,0.0027868354955555555,0.0002328287497222222
20220126_115904_SHELL_M55_6330431484,2022-01-26 11:59:04,0.9906664855555556,0.002423477941666667,0.05283611027777778,0.00715194209861111,0.02627467365027778,0.0009429363805555555,0.0019820214602777777,0.0001891907959722222
20220126_120042_SHELL_M55_6320427218,2022-01-26 12:00:42,0.9944769658333333,0.002405387158611111,0.058513698027777776,0.008202307369444444,0.016244003727777775,0.0010453767825000001,0.00147788494,0.00022613916722222225
20220126_120229_SHELL_M55_6330430950,2022-01-26 12:02:29,0.9897516886111111,0.003950360063888889,0.05722205152777778,0.01070779156388889,0.013247960494833334,0.0014349385444444444,0.002234286706944444,0.00026252322222222225
20220126_120422_SHELL_M55_6320427804,2022-01-26 12:04:22,0.9896663561111111,0.0034990431130555552,0.06335424180555554,0.008168303008333332,0.017814806919722224,0.0014546003508333334,0.0023714813400000003,0.00020784334705555555
20220126_120640_SHELL_M55_6320427668,2022-01-26 12:06:40,0.9856653688888889,0.0016907150875,0.06176626088888889,0.007643358588888889,0.03975034972902777,0.001166853358888889,0.0022153083700000003,0.00017895062430555556
20220126_120812_SHELL_M55_6320427258,2022-01-26 12:08:12,0.9877292258333333,0.0018392937627777777,0.03872090263888889,0.008002405558888889,0.032842781864083334,0.0007667202938888888,0.0018044451169444444,0.0001594086715833333
20220126_121008_SHELL_M55_6330431284,2022-01-26 12:10:08,0.9899444547222223,0.002614506040277778,0.05944623594444444,0.006935269577777778,0.026376399010833333,0.0009952911036111112,0.002048876823611111,0.00018887360319444444
20220126_121129_SHELL_M55_6320427433,2022-01-26 12:11:29,0.9902034227777777,0.002880816035,0.052393157555555556,0.007228190977777777,0.022371452272666667,0.0010079572275,0.0016333509308333336,0.00017765669358333334
20220126_121256_SHELL_M55_6320427793,2022-01-26 12:12:56,0.9895512366666667,0.003930447378611111,0.05016556080555556,0.008340760455555556,0.024063289775972222,0.0010959889763888888,0.003605221053888889,0.00021621444816666667
20220131_155549_SHELL_M55_6330431027,2022-01-31 15:55:49,0.9871237236111112,0.0025204391155555558,0.04955441179444445,0.008627432710277778,0.030321097660722225,0.000972267175,0.002077702266388889,0.00022217766694444447
20220131_155853_SHELL_M55_6320427224,2022-01-31 15:58:53,0.9818117438888889,0.003815588311111111,0.04152244867777778,0.009931858075833334,0.036905491405277775,0.0011855198405555556,0.0031288303061111113,0.00026240363916666667
20220131_160607_SHELL_M55_6320427427,2022-01-31 16:06:07,0.9741208136111111,0.002499263958611111,0.03890421949166667,0.00694812247888889,0.05503765197291667,0.0008800284647222222,0.0012662885244444444,0.00015519884744444443
20220131_161157_SHELL_M55_6320427397,2022-01-31 16:11:57,0.9821372369444445,0.0034057598491666666,0.03815852340277778,0.011276924026666668,0.030069524232055556,0.0015132792616666666,0.0018689849036111112,0.00027276294636111113
20220131_161558_SHELL_M55_6330431022,2022-01-31 16:15:58,0.9766977680555556,0.004625118138888888,0.052570496833333334,0.00939268484638889,0.041110567609583336,0.0013692577152777778,0.0018789184191666665,0.00023647285416666667
20220131_161828_SHELL_M55_6330431032,2022-01-31 16:18:28,0.9737880316666667,0.002125435351666667,0.05234427572777778,0.0067538009755555555,0.06003253037083334,0.0011246575563888888,0.002794672979166667,0.00017884991277777775
20220131_162050_SHELL_M55_6320427313,2022-01-31 16:20:50,0.9769642561111112,0.003196650483333333,0.05550423755555556,0.00900260437861111,0.03996985815194445,0.0013144996522222222,0.003727617902777778,0.00024171941752777778
20220131_162352_SHELL_M55_6320427256,2022-01-31 16:23:52,0.9790616641666667,0.002434137450277778,0.04146257170277778,0.0079572348575,0.04728398612194444,0.0007145168805555556,0.0008534265769444445,0.00019848191519444445
20220131_162625_SHELL_M55_6330431488,2022-01-31 16:26:25,0.9814767002777778,0.003690249913055556,0.06020386741666666,0.009563475282222223,0.044905363986833334,0.0009444236875,0.0019292606741666666,0.00022509997694444443
20220131_162928_SHELL_M55_6330431090,2022-01-31 16:29:28,0.9749001377777778,0.005209152982222223,0.06144966133333333,0.011299657675833333,0.03053491040672222,0.0014480280086111112,0.0022149221580555554,0.00024235909688888888
20220131_163159_SHELL_M55_6320427313,2022-01-31 16:31:59,0.982596106388889,0.005057363626388889,0.05105884486111111,0.01040586222361111,0.03381557079083333,0.0011957500694444445,0.0036960222133333334,0.0002382442669166667
20220131_163436_SHELL_M55_6330431035,2022-01-31 16:34:36,0.9737390499999999,0.0022917074730555553,0.051712687050000004,0.007551204731055555,0.05281218097580556,0.001310542011111111,0.0021036327780555556,0.0002258807835833333
20220131_163634_SHELL_M55_6330431042,2022-01-31 16:36:34,0.9671039322222222,0.002703450767222222,0.043624689036111115,0.007960688229444445,0.062047035337749995,0.0011633986977777778,0.0013518394816666665,0.0001961224366111111
20220131_163838_SHELL_M55_6330431038,2022-01-31 16:38:38,0.9733032666666666,0.0034213852694444445,0.05490974636944444,0.008777155767222222,0.047326297025555554,0.0011892887199999999,0.002537145688888889,0.000227052209
20220131_164237_SHELL_M55_6320427726,2022-01-31 16:42:37,0.9774035169444445,0.004800930969722222,0.05879100965833333,0.011411961943472222,0.02958346099308333,0.001386197601111111,0.0025475032775,0.000253135282
20220131_164632_SHELL_M55_6320427431,2022-01-31 16:46:32,0.9667279261111111,0.0032652852433333337,0.059914894125,0.0076482457777777785,0.07939495143752778,0.0012362780838888888,0.002910116756388889,0.0001980591878611111
20220131_165424_SHELL_M55_6320427317,2022-01-31 16:54:24,0.9742883052777778,0.0030020481058333336,0.05645851824444444,0.008038067509444444,0.048153951512027775,0.0014044294241666666,0.002211399555,0.00017518389563888888
20220131_165703_SHELL_M55_6320427325,2022-01-31 16:57:03,0.9760754502777778,0.003673941168888889,0.045295458233333336,0.012993066280277778,0.029108418869833334,0.0015229467038888889,0.0012244542716666666,0.0002632351297777778
20220131_165948_SHELL_M55_6320427394,2022-01-31 16:59:48,0.9772331394444443,0.002197917814444445,0.052150195780555554,0.007291935817499999,0.02835684407736111,0.0009814216222222222,0.001478352123611111,0.0001800963569722222
20220131_170416_SHELL_M55_6320427390,2022-01-31 17:04:16,0.9823913772222223,0.003261106096388889,0.043696880255555556,0.007743663672222222,0.030771192104277773,0.0013871916716666668,0.0032597305519444448,0.00025313731844444444
20220131_170723_SHELL_M55_6320427797,2022-01-31 17:07:23,0.9608762763888888,0.0037829524769444445,0.05289710764277778,0.007113819554444446,0.05654737052777778,0.001247538618611111,0.0021210034047222225,0.00019951469494444444
20220131_171859_SHELL_M55_6330431268,2022-01-31 17:18:59,0.9708156608333334,0.0017577280216666666,0.058917664174999995,0.006640005159444445,0.06716957607505555,0.0011096388327777778,0.0016430949186111111,0.0001790108708611111
20220131_172136_SHELL_M55_6320427723,2022-01-31 17:21:36,0.9853128880555556,0.002146290969722222,0.04389756347222222,0.006060789101388889,0.04963706524238889,0.0009171981027777779,0.001435745561388889,0.0002239846468333333
20220131_172455_SHELL_M55_6330431481,2022-01-31 17:24:55,0.9979884327777777,0.0015298432244444443,0.04470966491666666,0.006251163455555556,0.0002709887726111111,0.0008755208161111112,0.0007228154952777778,0.00014864602563888888
20220131_172733_SHELL_M55_6320427738,2022-01-31 17:27:33,0.9808220611111111,0.002798673553611111,0.05779227125,0.008159302665277778,0.05000908358594444,0.0011704581702777779,0.0016389087725,0.00017191830702777776
20220131_173007_SHELL_M55_6330431475,2022-01-31 17:30:07,0.9768505986111111,0.005360578413055555,0.06449008791666666,0.010403690351111113,0.03225947548830556,0.0014818295474999998,0.001821939018888889,0.0001757649296388889
20220131_173252_SHELL_M55_6330431029,2022-01-31 17:32:52,0.9750727944444445,0.003014611063055556,0.052219548138888884,0.007330035151944445,0.06250974600352778,0.0012739192416666668,0.002500828938611111,0.0002327346688611111
20220131_173526_SHELL_M55_6320427318,2022-01-31 17:35:26,0.9823000869444445,0.0028908643405555555,0.05652517244444445,0.008206892037777778,0.048440508605500004,0.0011834065941666667,0.0014740856905555556,0.00019239993388888888
20220131_173806_SHELL_M55_6320427695,2022-01-31 17:38:06,0.9826768211111112,0.0035796554916666667,0.040490230805555555,0.0108366637,0.046280761437444445,0.0014150861819444444,0.001981415166944444,0.00024232191594444444
20220131_174059_SHELL_M55_6330431017,2022-01-31 17:40:59,0.9814686886111113,0.002448596072222222,0.05762217325,0.010258490315277778,0.05369594575244444,0.0014185996666666667,0.001738518125277778,0.00018575037366666666
20220131_174350_SHELL_M55_6320427800,2022-01-31 17:43:50,0.9850490224999999,0.0032044356194444444,0.04699326572222222,0.00842054128611111,0.04082069600991667,0.001260603425,0.0019885195797222223,0.00023525240222222225
20220131_174629_SHELL_M55_6320427805,2022-01-31 17:46:29,0.9794728197222222,0.0026492710194444447,0.05590209453333333,0.011187360939611111,0.041756820816250005,0.0013723290533333334,0.0017709778683333332,0.00022932554105555556
20220131_174935_SHELL_M55_6320427345,2022-01-31 17:49:35,0.9874522725,0.0020044979066666667,0.04627943015277777,0.007528845466666666,0.04922297117669445,0.0009926911686111112,0.0012007574919444446,0.00014277166927777776
20220131_175227_SHELL_M55_6330431064,2022-01-31 17:52:27,0.9612996166666667,0.003227676768055556,0.036678896644444445,0.007818216507222222,0.10548520388402777,0.0012695118958333334,0.001893959838333333,0.00018321734483333333
20220131_175603_SHELL_M55_6330432686,2022-01-31 17:56:03,0.9797597550000001,0.003403143932222222,0.044226803833333335,0.0086558372325,0.05382742321688889,0.0010526035547222222,0.0017177865352777778,0.0002307026861111111
20220131_175939_SHELL_M55_6330431061,2022-01-31 17:59:39,0.976395171388889,0.004257450148333333,0.05366362325,0.009807328457222222,0.053977141053861116,0.0014558063502777777,0.0018425066344444445,0.0002098829548611111
20220131_180246_SHELL_M55_6320427226,2022-01-31 18:02:46,0.9887409069444444,0.003063836711111111,0.04652182725,0.007633942008333334,0.03104824581388889,0.001187819012222222,0.004052207387777777,0.0002425645703888889
20220131_180555_SHELL_M55_6320427262,2022-01-31 18:05:55,0.9958389791666666,0.003469767108333333,0.048364465861111115,0.00916227671388889,0.0005601415896944444,0.0011318196433333333,0.000891976706111111,0.00020993143533333333
20220131_180916_SHELL_M55_6320427399,2022-01-31 18:09:16,0.9890556097222222,0.002697316125,0.04715236622222222,0.006858921708333333,0.026972272843833335,0.0013658475727777778,0.0026580299,0.00026552981674999996
20220131_181243_SHELL_M55_6320427396,2022-01-31 18:12:43,0.9735025866666667,0.002246549386111111,0.05041733233055555,0.007584562329555556,0.05141720229463889,0.0010886322408333333,0.0012893272302777778,0.00015831596069444445
20220131_181528_SHELL_M55_6320427223,2022-01-31 18:15:28,0.9868913558333333,0.0026407236897222222,0.045587274472222224,0.0077688512111111115,0.04662052524825,0.0012998769766666668,0.0018537112411111112,0.0002017992605
20220131_181841_SHELL_M55_6320427391,2022-01-31 18:18:41,0.9858279880555555,0.0023033429894444447,0.04348378286111111,0.007223705316666666,0.03496006465472222,0.0012697597519444443,0.0018965494133333332,0.00017419796775
20220131_182254_SHELL_M55_6320427669,2022-01-31 18:22:54,0.9804313361111111,0.0029574436166666667,0.053651759111111114,0.009277662808888889,0.04642748771277778,0.0012834772050000001,0.0015900455958333332,0.00022531975763888888
20220131_182549_SHELL_M55_6330431486,2022-01-31 18:25:49,0.9820733752777778,0.003738633244444444,0.05092845386111111,0.007616193577777777,0.050329705491,0.0012930465408333334,0.0016147606736111111,0.00016690086225000002
20220131_182912_SHELL_M55_6330431477,2022-01-31 18:29:12,0.9814146377777777,0.0036527560275,0.07972712142499999,0.010780632123611111,0.03458277956661111,0.0014713735477777778,0.0018905137180555555,0.00024226519025000002
20220202_091901_SHELL_M55_6330430955,2022-02-02 09:19:01,0.9753750527777778,0.0024648608038888888,0.05493310686111111,0.008172438722222224,0.05581667494583334,0.0011416879747222222,0.0013918069658333332,0.0002255640973888889
20220202_092208_SHELL_M55_6330431068,2022-02-02 09:22:08,0.9784449191666665,0.0032793287302777777,0.05646128702777778,0.008191629204166667,0.05316001911944444,0.0011963051108333333,0.0017678875286111114,0.00023408607166666668
20220202_092452_SHELL_M55_6330431283,2022-02-02 09:24:52,0.9827168452777778,0.0033797587611111113,0.05944692715277777,0.008460661788055554,0.04951475046066667,0.0012672405094444445,0.0013565267080555556,0.00019886821
20220202_092707_SHELL_M55_6320427225,2022-02-02 09:27:07,0.9799242247222222,0.0023766957919444443,0.05188190749722223,0.006640365626388889,0.051083756748444446,0.0010886984891666667,0.0012886079641666666,0.00017465558891666667
20220202_092914_SHELL_M55_6320427327,2022-02-02 09:29:14,0.9824664186111112,0.002068792206111111,0.044531019944444444,0.006891428691111111,0.04142023448444445,0.0008871561497222223,0.0012105978347222222,0.00021392845763888886
20220202_093420_SHELL_M55_6320427701,2022-02-02 09:34:20,0.9834592236111112,0.0024088406275,0.06225040830555555,0.006499279673333334,0.049449461330555555,0.0010006766233333333,0.0013723542338888888,0.00017308290155555555
20220202_093654_SHELL_M55_6320427667,2022-02-02 09:36:54,0.9837619224999999,0.002082239558611111,0.053902168138888894,0.0074122918616666665,0.045526434591666665,0.0008977942483333334,0.0013896787594444445,0.0002487905205555555
20220202_093932_SHELL_M55_6330431480,2022-02-02 09:39:32,0.9746953125,0.0018844005422222223,0.0587336736,0.006314352373888889,0.05588773494755555,0.0011003765702777778,0.0013579999919444445,0.00016223410738888888
20220202_094211_SHELL_M55_6320427670,2022-02-02 09:42:11,0.9821077369444444,0.002297855156388889,0.06308610186111112,0.00757700273,0.04923112331527778,0.0010271100547222221,0.0015413801794444445,0.00020494088366666667
20220202_094435_SHELL_M55_6320427550,2022-02-02 09:44:35,0.9826462655555557,0.002181374698055556,0.050141263916666665,0.006894275858888889,0.051120558745444446,0.0008890266499999999,0.0011666808183333334,0.00021397259305555556
20220202_094706_SHELL_M55_6320427263,2022-02-02 09:47:06,0.9822186049999999,0.001896567977777778,0.048382917250000004,0.006743185545833333,0.046698944169166666,0.000969649426388889,0.0012245130394444444,0.0002185859328611111
20220202_095231_SHELL_M55_6320427265,2022-02-02 09:52:31,0.9819036736111111,0.002309603973333333,0.05068674069444444,0.007063892863888889,0.04601325926076389,0.0010689342408333334,0.0013682764497222222,0.00019292371869444443
20220202_095519_SHELL_M55_6330432632,2022-02-02 09:55:19,0.9820119972222222,0.0016957447558333333,0.046724542875000004,0.005906719098055555,0.04944254955558333,0.0009375858227777777,0.001550688561388889,0.0001568295900277778
20220202_095741_SHELL_M55_6330431056,2022-02-02 09:57:41,0.9786147977777778,0.0033236875691666666,0.04284530491666667,0.008774840161388889,0.037458833547180555,0.0012260066058333333,0.0017349456333333334,0.0002360716057777778
20220202_100017_SHELL_M55_6320427435,2022-02-02 10:00:17,0.9839075855555556,0.0027880650761111115,0.043609367305555556,0.007281972929444445,0.03822534352419445,0.0009871892991666668,0.0016056629072222224,0.0002155262125
20220202_100235_SHELL_M55_6330431476,2022-02-02 10:02:35,0.987214531111111,0.0023149588177777776,0.05170416472222222,0.007340882791388888,0.03036707357,0.0012408824286111112,0.0016128386258333334,0.00022491655749999997
20220202_100736_SHELL_M55_6330430954,2022-02-02 10:07:36,0.9809303180555555,0.0043057838091666665,0.04359481541666667,0.013079178980555555,0.03899748164127778,0.001665668783888889,0.001818250734722222,0.0002927997671111111
20220202_101122_SHELL_M55_6320427699,2022-02-02 10:11:22,0.9726859230555556,0.0029849427888888887,0.054593387272222224,0.008535060127222223,0.05465275528552778,0.001248718079722222,0.0012005553869444444,0.00021465559169444443
20220202_101634_SHELL_M55_6320427222,2022-02-02 10:16:34,0.9801123083333333,0.0031842390694444443,0.05395185608333333,0.009577866439444445,0.043941755884666665,0.001343389931388889,0.0016903083097222222,0.0002253877660277778
20220202_102020_SHELL_M55_6320427389,2022-02-02 10:20:20,0.9835362358333334,0.002699746868888889,0.05303941147222222,0.008767931901666666,0.03643084726561111,0.001294901325,0.0015870171844444446,0.00021604417258333332
20220202_102339_SHELL_M55_6320427696,2022-02-02 10:23:39,0.9775556552777778,0.005135780236111111,0.05629612488888888,0.012183491330277777,0.04683296732488888,0.0014641585519444443,0.0018904792458333333,0.00026292637266666665
20220202_103311_SHELL_M55_6320427264,2022-02-02 10:33:11,0.9796891538888889,0.002366100365277778,0.044637152666666666,0.007166221856388889,0.04955043876563889,0.0011164688163888888,0.0016171182238888888,0.0002475569606111111
20220202_103530_SHELL_M55_6330431067,2022-02-02 10:35:30,0.9810807202777778,0.003998303365555556,0.042345728341666666,0.010568981973333332,0.046666993493333336,0.001428004532222222,0.001533582021111111,0.00025400597172222224
20220202_104035_SHELL_M55_6330431065,2022-02-02 10:40:35,0.9833515727777777,0.0029503344794444444,0.04663252166666667,0.0071028587444444445,0.04586517628313889,0.001013285542222222,0.0015702523566666667,0.0002170195012777778
20220202_104315_SHELL_M55_6320427697,2022-02-02 10:43:15,0.9807040002777777,0.002509529,0.04637777648888889,0.007986715009166666,0.047222852901944445,0.0009787389691666667,0.0011921157788888888,0.00020591528330555557
20220202_104649_SHELL_M55_6320427387,2022-02-02 10:46:49,0.9815953172222223,0.002341006796111111,0.04076258631666667,0.00615802395,0.038617235195694447,0.0011211551522222222,0.001912463646388889,0.00022963752025
20220202_104919_SHELL_M55_6320427792,2022-02-02 10:49:19,0.9792152477777777,0.0025146525083333334,0.04369096600833333,0.00800706346361111,0.04625958389497223,0.0010229920902777778,0.0015147217427777778,0.0002091198998611111
20220202_105141_SHELL_M55_6320427393,2022-02-02 10:51:41,0.9819897447222223,0.002922343471111111,0.03884900325,0.0063973242111111115,0.048264966207222225,0.0011211041547222222,0.0014730663630555555,0.00022473920875
20220202_105423_SHELL_M55_6330431055,2022-02-02 10:54:23,0.9842329502777777,0.0015922131902777778,0.04311271468055556,0.0060440047719444445,0.047701761998472224,0.0009041679663888889,0.0012435228580555556,0.00016267928583333334
20220202_110932_SHELL_M55_6330431025,2022-02-02 11:09:32,0.9819616902777777,0.0024694191388888887,0.05054808211111111,0.009381146857500001,0.04850224271527778,0.0012090235791666667,0.001319445473611111,0.00022551173116666667
20220202_111145_SHELL_M55_6330431483,2022-02-02 11:11:45,0.9883468519444444,0.0019939981905555556,0.034584166,0.008078617272222222,0.028840386863111116,0.0010303900419444444,0.0018433107219444445,0.00019763628775
20220202_111405_SHELL_M55_6320427725,2022-02-02 11:14:05,0.9799594113888889,0.0026976135555555557,0.044317023277777784,0.0065099046775,0.04526454600030556,0.0010508127955555556,0.0018524476458333333,0.00019820434158333334
